x,y,name
38.755,9.0165,Addis Ababa
38.8667,9.05,Lege Tafo
38.8837,14.1931,Adi Abun
38.8882,14.1485,Adwa
39.5244,12.9161,Ambalage
38.1932,13.9786,Inda Baguna
39.7324,13.8615,Atsbi Inda Silase
39.5662,13.5689,May Mekdan
39.2593,14.3027,Bizet
39.5953,13.8996,Senkata
38.174,14.3109,Adi Da-iro
38.7188,14.1113,Axum
38.7989,13.8317,Mahbere Tsige
39.5761,14.1012,Inda Tekle Haymanot
39.006,13.0233,Aberqele
38.9939,13.2829,Yechilay
36.9657,13.4658,Densha
37.1333,13.3833,Dekaba
38.127,13.5475,May Tsamri
37.3201,13.736,Adi Remets
39.0719,14.0253,Idaga Arbi
42.5675,10.7379,Ayisha
41.1623,9.9692,Asbuli 1
41.3575,9.84,Aydora
42.2147,10.4115,Adigala
42.7592,9.8769,Denbel
42.5237,10.0558,Biye Anod
40.8269,9.7641,Alijiir
42.8948,9.4864,Lefe Isa
42.7886,9.3449,Jijiga
42.1333,9.3,Harer
43.4498,8.6807,Obele
43.7668,7.631,Birkot
43.0155,7.9915,Degeh Medo
44.0268,7.2921,Benado
44.1759,7.123,Geledid
44.2771,6.7305,Kebri Dehar
42.1112,5.8256,Kere 1
44.3832,6.1792,Debe Weyin
41.852,5.4262,Chereti
42.3356,5.1412,Afker
42.1335,4.8092,Lema Shilnich
42.6446,6.7816,Gudis
33.1833,8.2667,Koye 3
33.8667,8.2667,Teylut
33.799,8.3699,Jikawo
34.8473,8.1797,Bonga 1
34.5833,8.25,Gambela
34.4667,8.1667,Poko
34.45,7.8667,Abobo
34.85,7.75,Giara
35.05,7.3333,Dodi 12
35.1167,7.2333,Peso
35.3677,7.32,Tepi 1
35.3167,7.25,Gecha 1
35.5495,11.2749,Mankush
35.7167,11.7667,Abu Mendi
35.0333,11.2667,Bambadi
35.25,11.2667,Guba
35.4333,11.45,Zela
36.2167,11.2833,Mambuk
36.25,11.2,Pawe
36.4165,11.0944,Mandura
36.2623,10.768,Dibate
36.1583,10.669,Zigin
36.1354,10.4363,Galesa
36.1271,10.28,Korka
36.0803,10.5859,Bulen
36.1,10.6667,Debre Zeyit Gojjam
35.6588,10.6261,Debre Zeyit 2
35.2194,10.0222,Daleti 1
34.7833,10.7,Gizen
34.9333,10.5833,Hor Kelifa
34.7333,10.2333,Menge
34.6361,10.3126,Komosh
34.3178,10.5527,Kurmuk
34.7,9.7167,Bambesi
36.9522,11.3553,Durbete
36.9167,11.35,Dur Bete
39.55,10.7833,Albuko
39.6333,10.95,Gelemo Ager
36.9296,12.0188,Amistiya
36.9981,11.9676,Dinqil Ber
37,11.95,Dengel Ber
36.6333,12.0333,Kidane Mihiret N Gonder
39.5667,11.45,Alet
39.3667,11.4833,Amba Not
39.5833,11.3667,Mariye
39.3333,11.5833,Segora
39.6,11.5,Wichale
37.8667,10.1167,Yemistina
39.45,9.55,Chacha
39.5167,9.5167,Indod
39.5167,9.4333,Segele
39.6,9.5833,Nebu
39.4667,9.35,Ombol
36.8927,10.8513,Gimja Bet
36.7667,10.6667,Azena
39.7667,9.4333,Alem Gebeya
39.7833,9.55,Aliyu Amba
39.7167,9.5833,Ankober
39.6833,9.4833,Gur
39.8,9.7333,Key Gedel
39.85,10.4667,Majete
39.7167,10.6333,Hamus Gebeya 03
39.5912,9.4076,Asagirt
39.6167,9.4167,Adebabay
39.5333,9.3,Ginager
38.0167,10.0333,Dima 03
37.9167,10.2333,Lumame
38.0333,10.2333,Wegel
37.2667,11.4833,Meshenti
37.5833,11.4833,Tis Abay
37.3,11.55,Yinesa
37.3,11.7,Zege
36.6842,11.0007,Kidamaja
36.9217,10.9794,Injbara
36.9329,10.9537,Koso Ber
36.9668,10.8939,Kesa
37.7889,9.976,Bete Nigus
37.6667,10.0833,Den
37.7833,9.9333,Tibe Goref
37.7667,10.0833,Yeduga
37.7333,10.1667,Yejube
37.8,9.9833,Yeweynit
40.0167,11.2,Bati
40.0333,11.2,Inkese
39.7061,9.206,Meteh Bila
39.6333,9.2,Ama
39.8,9.2833,Bichenkeny
39.6833,9.25,Sidisto
39.7333,9.1833,Sirtu Ager
38.4349,13.1077,Dilibza
38.5,13.2167,Dil Yibza
37.7438,10.8506,Digo Tsiyon
37.75,10.8667,Meskele Kiristos
37.75,10.9667,Tsige Tsiyon
37.6833,10.6667,Telezam
38.8333,12.15,Ayna
37.0657,10.7109,Bure
37.0417,10.4023,Kuch
37,10.5,Galibe
37.1167,10.7667,Masha Kuta
37.05,10.6,Zalma
39.7543,10.722,Mekoy
39.8333,10.7167,Kemise
39.8167,10.7833,Milamile
39.8,10.8333,Weledi
37.0329,12.3955,Chandiba
37.0667,12.5333,Aykel
36.85,12.7,Cherba
36.9167,12.8,Felfel 1
36.9333,12.55,Seraba
37.0833,12.7833,Zufan
37.7333,12.9667,Dabat
37.4833,13.1167,Hagerit
37.6,13.0333,Kenta
37.8,13.0667,Wekin
36.8,11.2,Dangla
38.85,11.45,Shola
38.1123,13.2699,Gich
37.8828,13.2308,Dib Bahir
38.0344,13.2221,Sankaber
37.8905,13.1479,Debark 1
38.0833,13.2,Belesa
37.7833,13.15,Bosa
38.0565,10.3955,Webrje
38.0167,10.45,Angacha 03
38.0167,10.5167,Kuyi
37.45,10.3,Eliyas
38.8344,10.7521,Genet 1
38.5858,10.6493,Amba
38.7,10.7333,Kobo 1
38.75,10.75,Mekane Selam
38.5667,10.65,Werke Amba
38.6,10.7,Wobo
37.6489,10.7663,Tame
37.5833,10.8667,Feres Bet
38.8333,12.4667,Amde Werk
38.65,12.4,Golgola
38.7833,12.3167,Korambe
38.2099,10.2442,Yekoza
38.1333,10.1667,Dejen
38.2167,10.2,Kok Wiha
38.1,10.3333,Mehal Amba
38.1833,10.3,Zebich
39.1333,11.5833,Firida Mareja
39.3667,11.6833,Lomi Wiha
39.0833,11.4833,Shekol
39.2167,11.6,Wegel Tena
37.5325,10.6755,Anjeni
37.2089,10.3927,Inewend
37.4,10.5167,Chelekuma
37.4667,10.5667,Dembecha
37.2833,10.5,Zara
37.3311,12.416,Kola Diba
37.2217,12.32,Chwahit Mender
37.3967,12.3112,Robit 1
37.2167,12.3333,Chwahit
37.2833,12.25,Gorgora
37.5563,11.7783,Hamusit Mender
37.6874,11.7747,Wanzaye
37.7434,11.6279,Arb Gebeya 1
37.6333,11.7,Anbesame
37.7333,11.6333,Arb Gebeya S Gondor 1
37.7667,11.5667,Atsey Weyne
37.6833,11.6,Gina
37.6167,11.6667,Goha
39.6167,11.1,Dese
39.4,11.0333,Webeden
38.0667,11.6167,Iste
37.9333,11.5667,Kechin Meda
38.0667,11.65,Mekane Iyesus
38.069,12.4005,Guhala
38.1167,12.6333,Hatu Amba
38.0167,12.4167,Zena Tsion
37.9946,12.1768,Gwaliya
38.05,12.1333,Ibnat
39.9338,10.4109,Karakore
39.9717,10.1057,Jewha
39.9167,10.3667,Ataye
39.9667,10.1,Jebuha
38.16,10.6564,Debre Werk
38.35,10.7167,Arara 03
38.3,10.7333,Dincha
38.0833,10.7333,Felege Birhan
38.2826,10.8584,Mertule Maryam
38.4,10.75,Inese
38.3667,10.8667,Yigma
38.1367,10.3354,Yetmen
38.2,10.45,Bichena
38.1167,10.5167,Kecher
36.8841,11.0785,Adis Kidane
37.0379,11.0611,Fogota
38.1358,11.7851,Gasay
38.0167,11.85,Debre Tabor
37.6951,11.9291,Woreta
37.85,11.9,Amed Ber
37.8,11.9833,Amora Gedel
37.7833,11.85,Hagere Selam 03
37.5833,11.9,Hod Gebeya
37.6833,11.9167,Wereta
39.019,12.4101,Asketema
39.0833,12.2333,Dinfacha
39.8167,10.3667,Gidm
39.65,10.3,Mehal Meda
39.206,11.9343,Kulmesk
39.2,11.95,Debre Tsehay
39.2167,11.9667,Kul Mesk
39.3,12,Muja
39.65,10.5167,Ayzosh Amora
39.6167,10.5333,Rabel
38.05,10.8167,Achewa Bado
38.0833,10.9333,Gunde Weyn
37.5644,12.3491,Meksenyit
37.4667,12.6333,Gonder
37.4167,12.5333,Azezo
37.6167,12.4667,Degoma
37.6,12.1667,Gazara
37.65,12.2167,Koga
37.55,12.3667,Maksenyit
37.5,12.5,Tadda
37.55,11.1,Washera
36.9565,10.717,Achigi
36.95,10.7333,Baguna
37.05,10.85,Tilili
36.4949,10.7038,Kilaj
36.5,10.9167,Chagni
36.5167,10.7,Dibati
36.5667,10.8833,Gwangwa
36.5,10.95,Metekel
39.6833,11.8833,Doro Gibir
39.7167,11.8333,Hara Gebeya
39.3333,11.8833,Kulf Amba
39.6,11.8333,Weldiya
37.7167,10.3333,Debre Markos
37.7667,10.3,Chemoga
37.8167,10.3333,Girar
37.7,10.4,Guzanen
39.6162,11.7449,Sirinka
39.6333,11.7,Kokono
39.65,11.65,Mersa
39.7167,11.7333,Wilawila
39.6167,11.55,Wirgesa
39.3,9.2167,Koremash
39.3833,9.2,Shola Gebeya
39.3833,9.0833,Meda Midir
37.9701,10.9693,Keraniya
37.8866,10.923,Sede 1
37.9667,11.0667,Adasha
37.8667,11.0833,Mota
37.8333,11.05,Muger
37.246,10.7952,Genet 2
37.1715,10.6986,Mankusa
37.2667,10.6833,Finote Selam
37.3833,10.6667,Jiga
39.2516,10.429,Dogolo
39.1167,10.3833,Bita
39.4,10.45,Borena
39.25,10.4167,Degolo
39.2833,10.3667,Irshama
39.2,10.2,Meranga
39.1667,10.3833,Shil Afaf
38.1884,13.2557,Chennek
38.1482,13.0765,Deresge
38.1333,13.0333,Mekane Birhan
39.9866,10.2973,Senbete
39.9667,10.35,Efeson
40,10.2333,Kelkelti
39.7372,11.0781,Kombolcha 1
39.7868,10.9337,Harbu
39.9,11.15,Degan
39.7667,11.0667,Ancharo
39.9,11.0833,Girar Amba
39.7167,11.0833,Kembolcha 1
39.1581,10.6491,Ligwama
39.0046,10.4541,Hibino
39.0833,10.45,Dire 03
39.15,10.6833,Feres Bet Welo
38.9667,10.5833,Kelela
39.05,10.5333,Shafi
39.9027,10.0058,Shewa Robit
39.8667,10.0833,Kwatiny
39.75,9.95,Mezezo
39.9,10.0167,Robit 2
39.4167,10.2167,Tedo Ber
39.3833,11.25,Aba ali
39.4333,11.15,Amora Genda
39.5333,11.2833,Kuta Ber
39.05,12.1,Bete Anbesa
39.0333,11.9833,Iriya Mesk
39.0333,12.0333,Lalibela
37.3523,12.8737,Tikil Dingay
38.4667,11.75,Nefas Mewcha
38.3833,11.6667,Tig Ber
38.4,11.9,Zage
39.3333,10.9,Akesta
39.05,10.7667,Genete
39.2167,10.9667,Koke Ager
39.2167,10.9167,Terad
39.2333,10.7667,Kurkura 03
39.2667,10.7,Derek Amba
37.7807,12.1264,Adis Zemen
37.7,12.0667,Yifag
37.0333,11.3667,Wetet Abay
37.0833,11.4,Debre Tsehay Gojjam
37.05,11.5167,Kuskust
37.1667,11.4167,Merawi
38.5927,10.8625,Ajibar
39.15,11.2667,Bazura
39.0667,11.2333,Masha Wollo
39.1,11.3,Wegesa
38.8167,11.2667,Yeberet
38.8667,11.1667,Goshit
39.1333,11.8667,Bir Afaf
38.5667,11.8,Debre Zebit 1
38.6667,11.8167,Filakit
39.5,10.0833,Mama Midir
39.6,10.1667,Wegere
39.4167,10.05,Weyin Amba
39.65,10.1167,Molale
39.0333,10.0333,Alem Ketema
38.7,10.0333,Arbu
38.9667,10,Fetra
39.1667,10.15,Mirgazh
36.6642,12.6514,Wehini
36.4381,12.4781,Genda Wuha
36.3,12.8333,Komar
36.4,12.75,Maganan
36.1667,12.9667,Metema
37.5881,10.5769,Shelel
37.5628,10.402,Yewla
37.5667,10.45,Amanuel
37.6833,10.6167,Galat
37.3667,10.4333,Minch
39.1446,10.301,Mida
39.09,10.2013,Meranya
39.1667,10.2667,Gende Bune
38.9,10.2667,Rema
39.4167,8.95,Arerti
39.3667,8.9167,Balchi
39.6333,9.05,Burkike
39.7,9.0833,Guroch
39.6167,8.9,Melka Jilo
39.4167,8.9167,Minjar
39.3,9.0167,Jegol
39.2667,8.8,Ejere E Shewa
36.45,13.7333,Abderafi
39.6283,9.9526,Sela Dingay
39.4841,9.9219,Sasit
39.7276,9.848,Tarmaber
39.6,9.9,Imbwacho Gedel
39.55,9.9,Tikur Chika
39.15,9.8833,Enewari
39.2333,10.0333,Jihur
39.0333,9.8833,Sefed Amba
36.3035,12.375,Mahbere Silase
35.2692,11.9208,Omedila
36.15,12.1833,Amba Mariyam Gonder
36.3667,12.4833,Matebiya
35.9,12.5833,Seyfe Arid
35.9,12.2167,Tewodros Ketema
37.4246,10.9894,Dabi
37.5,10.9667,Gebez Maryam
38.8833,11.05,Menkorar
38.7333,11.1333,Sayint
37.1661,10.8406,Agut
37.2,10.9833,Gish Abay
37.0307,11.8732,Kunzila
36.9029,11.5993,Yismala
37.0333,11.7667,Asinwara
37.0667,11.6833,Kilado
37.688,10.5927,Senyin
37.7667,10.55,Rebu Gebeya
37.8833,10.4333,Yebokla
38.3333,10.3,Feko
38.4,10.5167,Geda Iyasu
38.2833,10.3667,Kosheshila
38.4333,10.45,Mesobit
38.3333,10.4333,Yeid Wuha
38.3607,11.2075,Wegeda
38.19,11.45,Sali
38.2833,11.4833,Girarya
38.3167,11.3333,Jedo
39.1851,9.7605,Deneba 1
39.3,9.8,Anchekorer
39.0667,9.8,Kordida
39.35,9.7833,Mogebere
39.3167,9.7333,Welyu
37.1,13.2333,Angereb
37.4333,13.0167,Haria
38.4492,11.607,Arb Gebeya 2
38.55,11.5167,Arb Gebeya S Gondor 2
37.041,12.1867,Delgi
36.6167,12.2833,Saroko
39.8184,9.8769,Armanaya
39.75,9.85,Debre Sina
39.2667,11.1167,Agaye
39.2333,11.25,Ajibar
39.2167,11.2,Amba Mariyam
39.0667,11.3833,Aroge
39.1333,11.4167,Dega Majeti
39.1833,11.35,Mekdela
39.15,11.0833,Nib Gedel
39.3333,11.35,Segoda
39.2333,11.3167,Tenta
39.2833,11.45,Wenz Amba
39.65,11.2167,Berumieda
39.65,11.2167,Boru
39.6667,11.3167,Hayk
39.6833,11.2333,Sulula
37.874,11.3976,Jara Gedo
37.8667,11.35,Arota
37.8833,11.2833,Sebeku
39.0809,11.7488,Debr
39.0333,11.7167,Amba Lamba
38.8167,11.65,Bete Hor
39.0667,11.75,Debir
38.95,11.6833,Kon
38.7589,10.5949,Wegeti
38.65,10.55,Gelebe
38.75,10.6,Wegedi
37.5928,12.7582,Amba Giyorgis
36.9485,10.6474,Shindi
36.8601,10.4285,Gomer
36.9333,10.6333,Shihudad
39.4685,10.8261,Kabe
39.4667,10.8167,Kabi
39.4,10.6,Were Ilu
37.8667,12.3,Arbaya
39.7667,11.3333,Bisitima
37.5738,11.3389,Agta
37.6859,11.2195,Gonj
37.4667,11.2667,Adet
37.4,11.2833,Adi Tuolde Medhin
37.6,11.2,Fasiledes
38.8582,12.876,Kedamit
38.8092,12.7587,Siska
38.8167,12.9833,Welezi
37.4011,13.2841,Adi Teweld Medhin
37.3,13.2333,Kirkira
37.8833,13.3364,Zarima
38.0833,13.4667,Adi Arkay
38.1667,13.2833,Amsafesge
37.9333,13.3667,Chew Ber
38,13.2333,Debark 2
38.4167,13.55,Adi Salem
39,13.0333,Abergele
38.9487,12.775,Zuna
39.2333,12.7,Adi Chimnu
38.9667,12.5,Kidane Mihiret Wag Himira
39.0167,12.6333,Sekota
39.6313,12.1641,Kobo 2
39.8096,12.1513,Zobl
39.63,12.0106,Robit 3
39.4667,12.2333,Ajo
39.7,11.9667,Kulkwal
39.9298,10.6138,Jimate
40.0167,10.5833,Artuma
40.0333,10.5,Fursi
39.9167,10.6167,Jemete
40.0333,10.6833,Bora
40.0167,10.7167,Kuye
41.0667,13.5333,Dalalian Maru
40.6833,13.4667,Gorble
40.2833,13.3667,Gobul
40.5167,13.1833,Serba
40.2833,12.8667,Didigsala
41.3007,11.9607,Serdo 1
41.2667,11.5833,Det Bahari
41.0833,11.7333,Dubti
40.9667,11.7333,Logiya
40.9333,11.6833,Tendaho
40.3667,12.3,Erer Welo
40.3167,12.25,Sifani
40.8667,10.3167,Dehabo
40.7665,9.6975,Afcase
40.7592,11.1212,Adaytu
40.7077,10.4098,Dhanan-Weere
40.65,10.1667,Gewane
40.7014,10.6912,Hoyale
40.4667,10.6167,Burka 02
40.1446,9.2515,Melka Sede
40.3762,9.4587,Bilan
40.4551,9.734,Garba-Cise
40.1667,9.3333,Melka Werer
40.5112,9.8494,Qalacle
40.221,9.0183,Qurqure
39.9524,9.5339,Dulecha 1
39.8,9.3667,Yehuala Shum
40.15,9,Awash
39.8333,9.15,Dedecha
40.25,14.1833,Asale
40.1833,14.25,Dalol
40.3833,14.3667,Kulul
40.15,14.0333,Maglala
40.1667,14.1,Saba
40.7333,13.9,Asgagala
40.0333,13.8667,Berahile
40.0833,13.6667,Bubaicoma
39.75,13.35,Shehet
40.0333,12.9667,Beda
40.7667,11.4167,Mile 1
40.263,10.2509,Debel
38.7,10.2833,Abiyu
38.6167,10.1167,Babu
38.7167,10.1833,Gunde Meskel
38.6833,10.2167,Salolona
38.6833,10.1333,Yilu
36.4624,10.1024,Kelo 1
38.2414,10.0066,Gosha Tsiyon
38.3399,9.907,Tulu Miki
38.3667,9.9333,Aletis
38.05,9.9167,Ejersa
38.2167,10.05,Filkilik
38.25,10.0167,Goha Tsion
38.1833,9.95,Hose
38.1333,9.9333,Sekelo
38.5097,9.9159,Ejere 1
38.6167,10.0333,Ada-a
38.5333,9.9,Ejere N Shewa
36.4667,9.85,Gelila
36.45,9.9,Waro
37.4781,9.5088,Kombolcha 2
37.3833,9.3667,Gebete
37.4833,9.5333,Kembolcha Wellega
38.629,9.808,Degem
38.5833,9.9,Dengego
37.3216,9.6538,Achane
37.3667,9.55,Fincha-a
38.7167,9.8,Fiche
37.7049,9.746,Kere Dobi
37.741,9.6641,Chulute
38.5241,9.7766,Ali Doro
38.2741,9.7624,Biriti
38.4,9.8167,Gebre Guracha
38.15,9.8,Lomi
37.0833,9.65,Bode
37.1,9.6167,Shambu
36.8833,9.65,Dikin
37.05,9.5,Dulecha 2
36.95,9.55,Gebere
36.9333,9.45,Sewa
36.7833,9.6667,Tuturei
38.866,9.5515,Muke Turi
38.8667,9.55,Muke Ture
39.05,9.65,Weberi
38.5837,9.6137,Daleti 2
38.5833,9.6333,Dale N Shewa
38.6167,9.6167,Fitale
38.7333,9.5833,Gimbichu 04
38.7,9.5167,Guranda N Shewa
42.2667,9.5333,Ejersa Goro
38.2783,9.602,Minare
38.2156,9.5082,Kembolcha 2
38.2116,9.3852,Ketket
34.5631,9.4743,Kober
34.5757,9.2587,Tobi
34.5198,9.1513,Kelem 1
42.195,9.4673,Melka Rafu
42.1154,9.4332,Kombolcha 3
38.6043,9.4679,Muger
38.4942,9.4025,Welenkombi
37.0279,9.2916,Bila 1
36.9833,9.35,Bila E Wellega
36.9833,9.2833,Gute 1
41.55,9.4,Chelenko
41.6833,9.4167,Kulubi
42.0167,9.3833,Alem Maya
42.05,9.35,Aweday
36.4804,9.1729,Golo
36.45,9.1167,Galo
36.4333,9.2,Ihud Gebeya
36.5,9.2167,Tsige Maryam
41.2833,9.3333,Boreda
41.3167,9.5,Gota
41.3833,9.3833,Karamile
36.4783,9.0921,Adami
36.5333,9.0833,Nekemte
42.55,9.1333,Borale
42.4,9.35,Funyan Bira
42.5458,9.2322,Gorey
42.4194,9.3516,Gursum
42.5167,9.2167,Kore E Hararghe
41.85,9.45,Kersa
41.8,9.4333,Lange
41.8,9.35,Weter
38.0618,9.275,Goja
38.0305,9.2546,Bicho
41.4617,9.3753,Kobo 3
41.4167,9.3167,Deder
35.0285,9.1058,Sichawo
34.9718,8.9751,Dawo Kebe
42.402,8.6184,Abdi-gari
42.4109,8.8181,Abdirahman
42.4173,8.7633,Ali-Itobiya
42.755,8.7004,Anaanle
42.3713,9.135,Babile
42.4014,9.0216,Biiqa
42.8625,8.8137,Bula-dari
42.4424,9.1908,Ceel-baxay
42.3952,8.5828,Cobosha
42.4115,8.9078,Demdema
42.7029,8.7678,Dheenka
42.4833,8.9167,Elgobeya
42.459,8.524,Fiyanjabsa1
42.4551,8.6115,Fiyanjabsa2
42.6829,8.8268,Garriyaha
42.4944,8.9218,Geel-gabaye
42.6833,8.9,Gololcha E Hararghe
42.4085,8.7109,Ibro-Muse
42.4357,8.6997,Ireysa
42.6363,8.9979,Malqaqa
42.7098,8.9229,Sanmareerle
42.8675,8.5259,Sanxaskule
42.8982,8.5063,Soorafaaf
42.6058,8.2443,Urga
42.8051,8.6263,Wayi-leys
42.4425,8.6734,Xasan-Baru
42.2667,9.1167,Bisidimo
37.3167,9.2,Goben
41.8167,9.2333,Kurfa Chele
41.6167,9.1167,Bedeno
41.7,8.9,Biledo
41.6333,9.0167,Mumicha
41.8447,9.1288,Girawa 1
41.8,8.9833,Chirecha
41.75,9.0833,Gara Muleta
41.8,8.95,Gerb
41.9,8.8,Gugufi
41.9667,8.9167,Hufe
41.7667,9.05,Lafto
41.9174,8.8071,Mayomaluq
41.4667,9.05,Boye
41.3167,8.7,Dikile
41.3167,9.1667,Harawacha
41.3333,9.0333,Harew
41.3833,8.85,Jejeba
41.3333,8.75,Loloha
41.35,8.9333,Mucha Roba
41.4167,8.9833,Rago
41.4167,8.95,Rare
40.9833,6.7833,Adida
40.8333,7.0833,Berbere
40.4667,7.25,Delo
40.7,7.15,Ginir
40.8368,7.0184,Oda
39.5369,7.1593,Hako
39.3931,7.0065,Hadheba
39.4,7.05,Hunte
39.4333,6.9167,Weyge
38.6516,7.2558,Kuyera
38.65,7.2667,Kuyera Dedeba
38.5833,7.1833,Shashemene
38.85,6.9833,Banta
38.7667,7.0833,Kofele
39.1833,7.1167,Asasa
39.15,7.2833,Chofira
39.0333,7.2667,Giyorgis
39.9667,7.1,Begejo
40.1833,6.9833,Geyo
40.3667,7.1333,Guracha
40.2333,7.0333,Haydro
40.2333,7.1833,Hisu
39.9333,7.15,Homa
40.0667,7.1333,Kero
39.9333,7.0833,Rareba
40,7.1333,Robe
40.2,7.0667,Sinana
40.2,6.9,Weyabeta
41.5732,8.7157,Majo Weldya
41.4167,8.4333,Jinfo
41.6476,8.458,Kumbi 1
41.4167,8.8,Arago
41.6786,8.698,Burka
41.4167,8.75,Gele
41.4333,8.7167,Gerbi Dimtu
41.4833,8.65,Limey
41.6333,8.7,Obo
41.4833,8.8,Tirtira
41.2633,6.8126,Chelchel
41.65,6.5667,Adabo
41.0167,6.9333,Adejijo
41.05,6.8833,Alidi
41.6331,6.5619,Bakool
41.127,6.8942,Baldha
41.4492,6.6444,Baradima
41.2667,7.05,Burka Jere
41.3809,6.6981,Dibe
41.3833,7.0167,Hajo Afati
41.6633,6.57,Hargeysa
41.7167,6.9333,Ija Kerensa
41.5167,6.6,Tedecha Alem
42.0836,9.1169,Boku
42.0667,9.1333,Baku
42.1167,9.0333,Denkaka
42.05,9.1333,Fedis
39.9008,8.7547,Abadir
39.85,9.0167,Berehet
39.8833,8.85,Debre Selam E Shewa
39.9,8.9,Metehara
35.8292,9.0103,Guji
40.2342,8.6809,Chelekko
40.2167,8.65,Anchar Bedeyi
40.2167,8.7,Cheleleka
35.3541,8.919,Kelo 2
36.9167,8.8667,Mote
37.0142,9.8056,Jardega
37.0667,9.8833,Alibo
37.1333,9.8167,Harbu Deko
37.0333,9.7667,Sombo
35.6492,8.8401,Debeso 1
38.3333,8.7667,Debre Genet 04
38.3667,8.8333,Teji
39.0231,8.8678,Godino
38.9667,8.75,Debre Zeyit 3
39.0167,8.8167,Godina
36.4833,8.7667,Arjo
36.0333,8.6833,Meko
37.4157,8.4472,Dire Godu
36.83,8.6008,Koye 1
36.8502,8.34,Ulawarta
36.9213,8.181,Babo 1
37.1,8.5667,Alga
36.9333,8.3,Atnago
36.8667,8.45,Koma
36.9333,8.2,Seka Jima 1
39.9448,8.6726,Dino
39.813,8.3855,Angada
39.8,8.5,Abomsa (Tinsae Birhan)
39.8,8.4,Teferi Birhan
36.7545,8.7635,Wama Adere
36.6667,8.75,Nunu
39.45,8.4667,Bofa
39.4333,8.6667,Welenchiti
39.2589,8.7743,Ejere 2
39.1167,8.6,Mojo
39.25,8.55,Nazret
40.8167,8.4833,Arara 04
38.3679,8.6073,Bantu
38.3667,8.6333,Bantu Liben
38.4333,8.7167,Kusaye
35.4167,8.5167,Dupa
37.8,8.5833,Gindo
38.2167,8.6667,Tulu Bolo
39.3167,8.4,Melkasa
39.2833,8.45,Wenji
39.2167,8.4833,Wonji
38.0435,8.6299,Dilela
37.9833,8.5333,Ghion
38.1333,8.65,Kora W Shewa
37.9667,8.5333,Woliso
35.6667,8.55,Alge Illubabor
35.9333,8.5667,Ilimo
35.6333,8.4667,Supe
40.0333,8.5167,Aseko
40.05,8.4333,Dima 04
40.0259,8.5078,Teferibirban
40.3172,8.5626,Micheta
40.2457,8.4311,Timuga
40.0611,8.1777,Gololcha Arsi
40.1333,8.25,Debre Selam Arsi
40.0167,8.3167,Mine
37.3251,8.3725,Botor Keta
37.2685,8.3695,Botor Bocho
37.1167,8.35,Bege
37.2,8.0833,Tiro
37.35,8.2833,Tole Jima
39.5889,8.5089,Adis Hiywet
39.6833,8.3824,Arboye
39.5833,8.5167,Addis Hiwot
39.6833,8.3833,Hagere Sisay
39.6167,8.2833,Koshim
38.35,8.3167,Acheber Gebeya
38.2667,8.4667,Arbu Chulule
38.4167,8.3,Keshet Gebeya
38.25,8.5,Tole W Shewa
36.1167,8.4333,Aba Bor
36.25,8.3667,Abdela Illubabor
36.1,8.4,Bilo 1
36.0667,8.5167,Gefa
36.1167,8.3667,Kumbabe
39.5667,8.25,Bolo
39.4833,8.2833,Sire Arsi 1
39.5833,8.45,Tibila
35.464,8.2959,Burusa
35.2833,8.4,Beroy
35.5833,8.3,Metu
38.8833,8.2333,Barta 04
38.8167,8.15,Meki
38.7667,8.3667,Ombole
39.9049,8.1351,Chole 1
39.9,8.1333,Hagere Sernay
39.0054,8.0512,Ogokho
38.9833,8.1167,Goba Fude
39.0167,8.0667,Ogolcho
35.5,7.9333,Gebre Dima
39.6833,8.05,Dereba
40.05,7.9167,Jima Arsi
39.6833,7.9667,Kula
36.2406,8.045,Gatira
36.1667,8.1,Gesecha
36.3,8.1667,Setema
39.2512,8.0487,Wolonkomi
39.1833,8.0333,Gonde
39.2333,8.1667,Iteya
36.45,8.0833,Dembi
36.6167,8.05,Hunke
36.55,8.15,Sineso
36.0667,7.9167,Sigamo
37.2333,8.0167,Dimtu 1
41.3194,7.9115,Legehida
41.2833,7.9333,Beltu
41.7667,7.4167,Gemiro
41.3833,7.7667,Kurkura 04
41.1833,8.0333,Loko
41.2833,7.6833,Miaw
41.8,7.55,Roka
39.9,7.8,Adele
36.6995,7.9504,Choche
36.4761,7.7911,Beshash
36.5333,7.85,Agaro
36.5833,7.8,Dalecho
36.4833,7.8667,Jimata
36.6667,7.8833,Koche
36.5333,7.8333,Kota
38.7167,8.0333,Abosa
38.7,7.85,Adami Tulu
38.65,7.7167,Bulbula
38.4667,7.7,Komil
38.6833,7.9167,Ziway
39.1333,7.95,Asela
37.1599,7.8126,Dimtu 2
36.8439,7.6723,Jimma
36.8333,7.6667,Jima
36.9667,7.7333,Serbo
37.3618,7.8373,Deneba 2
37.55,8.1667,Abelti
37.4,7.7,Baso
37.4833,8.1167,Kumbi 2
37.4333,8.05,Natri
37.4,7.9333,Sekoru
39.7861,7.816,Habe
39.9807,7.5335,Sede 2
39.7667,7.8333,Hobe
39.6167,7.8667,Robi
39.8,7.6333,Sedika
39.9833,7.5333,Siba
36.181,7.7457,Dusta
36.2517,7.739,Chira
36.2667,7.7667,Chira Jima
36.4167,7.8,Gurachu
36.35,7.7833,Kemise Southern
36.8,7.8,Bilida
36.6667,7.8333,Gembe
36.6833,7.8167,Haro Jima
36.8,7.85,Kenteri
36.7333,7.7833,Yebu
40.1833,7.6667,Seru
39.2515,7.7617,Digelu
39.0833,7.75,Fite
39.0667,7.75,Lolo
39.15,7.75,Sagure
40.7007,7.749,Sheki Husen
40.85,7.55,Abdela Bale
40.7667,7.45,Jara
40.5333,7.3333,Ketiba
37.0629,7.5486,Boneya 1
37.2333,7.7667,Asendabo
37.1667,7.45,Binori
37.0667,7.55,Bonya
37.2167,7.5333,Dalota
37.1833,7.75,Gibe
37.15,7.3833,Koda
37.1333,7.5,Kombolti
37.25,7.5333,Nada
37.25,7.6167,Omonada
38.9019,7.5736,Munesa
39.0667,7.5167,Gunguma
38.9833,7.5333,Kersa Chilalo
36.6339,7.5615,Sembo 1
36.4667,7.45,Bedadi
36.7167,7.5167,Emo
36.4667,7.5,Ketaber
36.5,7.5167,Shebe
41.3599,7.3589,Hada
41.9167,6.55,Bibo
41.8,7.2,Girawa 2
41.6,7.4667,Goda
41.2,7.4,Gurlero
40.7845,7.3116,Harakola
41.0667,7.55,Kombolcha 4
41.2757,7.3825,Sawena
39.4833,7.5167,Gado
39.5167,7.4667,Gamoji
39.5,7.6333,Gobesa
39.4167,7.5167,Guna Arsi
38.8099,7.4365,Degaga 1
38.8667,7.4333,Gambo
38.6667,7.4,Arsi Negele
38.6667,7.5,Dole
38.6667,7.35,Negele Arsi
36.8667,7.5167,Dedo
36.8,7.3833,Mehusa
36.8833,7.4167,Metosa
39.3624,7.3355,Gimbite
39.25,7.5333,Bekoji
39.3167,7.3833,Farichu
39.2667,7.3167,Gedeb 1
39.1167,7.55,Kechema Dima
39.25,7.4167,Meraro
39.2167,7.6167,Sirba
39.3667,7.35,Timbite
38.4638,7.2694,Bura
38.35,7.3,Aje
38.3667,7.4333,Tireba
39.8167,7.2667,Agarfa
39.8333,7.25,Ali
40.9,6.6167,Arotora
40.65,6.65,Galcha
40.7808,6.859,Magaalo
39.3333,7.0167,Adaba
39.1833,6.9833,Dodola
39.3,7,Keta Arsi
38.9667,6.7667,Kokosa
39.2333,6.9667,Tuli
39.9697,7.0171,Goba Robe
40.15,6.95,Boko
40.1333,7.0667,Dakera
39.9833,7.0167,Goba
40.1,6.9833,Jimala
40.1,7.0333,Kojora
39.9667,6.95,Sura
39.9,7.0167,Burkitu
38.7667,6.8667,Bano
40.25,6.7667,Bile
40.3167,6.6333,Gibere
40.8167,6.0833,Argebila
40.7552,6.108,Guradhamoole
40.4833,6.6167,Haro Dibe
40.6667,6.2333,Harodibe
40.3333,6.6833,Jirati
40.55,6.35,Webera
39.166,6.7312,Werka
39.2,6.4833,Nensebo
39.9333,6.4667,Kale
39.8,6.4,Mena
38.161,5.9301,Tore
37.8833,6.15,Kele 01
38.5833,6.0833,Solemo
39.7,6.1167,Angetu
39.6167,5.7667,Bidire
39.4167,6.1333,Oberso
39.0777,5.7969,Belesa Koricha
38.9667,5.8667,Kibre Mengist
35.5508,9.294,Muklemi
35.8002,8.8382,Bube 1
36.1798,8.647,Guto
36.1,8.5833,Dega Illubabor
36.1333,8.6333,Serdo 2
35.6,8.4,Nopa
35.3551,8.1745,Uka
35.5333,8.15,Gore
35.6833,8.3333,Hurumu
35.8,8.3,Yayu
35.6898,8.2043,Becho
35.6696,8.0859,Leka
36.45,8.2333,Bido
36.4,8.3333,Gechi
36.6,8.25,Yanfa
36.45,8.1833,Yembero
36.35,8.4667,Bedele
36.5167,8.45,Chara 04
35.8242,8.4644,Elemo
35.8333,8.4833,Sachi
36.9932,8.8941,Bilo 2
36.9833,8.9,Bilo Boshe
36.9231,9.1603,Rob Gebeya 1
36.95,9.0833,Ano
37.05,9.2,Jere
36.9333,9.2333,Seyo Wellega
36.4734,8.9361,Kewisa
36.5921,8.9227,Bandiro
36.489,8.8937,Getema 1
36.6,8.9333,Bandira
36.4667,8.9333,Kwisa
36.7833,9.2667,Dire E Wellega
36.8667,9.05,Sire E Wellega
36.627,9.0318,Gute 2
36.6667,8.9667,Fechase
36.9355,10.142,Agemsa
37.0238,9.9995,Obera
37.05,10.05,Fulya
37.1167,9.3667,Hareto
37.5333,9.7,Dedu
37.5667,9.8333,Kewo
36.467,8.0352,Ageyo
36.4833,8,Toba
36.7667,7.5833,Geruke
36.7167,7.6167,Seka Jima 2
36.6167,7.7,Senyo Gebeya
36.9567,8.0922,Gent
36.9,7.9833,Ambuye
37.0333,8.0833,Arb Gebeya Jima
36.7667,7.9,Babo 2
36.9833,8.1667,Chine
36.9167,7.9167,Dujima
36.85,7.9667,Kosa
37.05,8.25,Mecha
36.95,8.0833,Suntu (Genet)
38.0234,9.6494,Jemo Lefo
37.5731,8.9729,Irensa
37.4831,9.1894,Bitile
37.5171,9.1311,Hamus Gebeya 4
37.6439,9.1289,Rob Geba
37.8667,8.4,Goro W Shewa
37.9167,8.45,Gurura
38.6,8.6,Lemen
38.6,8.7,Melka Kunture
38.85,9.7,Debre Libanos
38.8167,9.6333,Debre Tsige
38.6458,9.44,Debra
38.6665,9.3808,Mulo
38.6333,9.4333,Derba 04
38.6667,9.3667,Mulo N Shewa  2
38.6167,9.3333,Silo
39.0853,9.284,Wenoda
39.15,9.2,Aleltu
39.1167,9.1667,Chole 2
39.1333,9.1333,Gora
39.15,9.3,Nachiri
39.0333,9.5,Chifara
39.0333,9.4167,Deka
39.0333,9.55,Galiy
38.95,8.3,Alem Tena
39.0249,8.4387,Koka
38.85,8.55,Adulala
39.3167,8.25,Bika 1
39.3167,8.3167,Dera
39.35,8.3833,Sodere
39.3,8.0667,Boneya Arsi
39.35,8.15,Huruta
39.508,7.8062,Ticho
39.5645,7.724,Kelo 3
39.5604,8.0517,Hamda Diskis
39.5601,7.9902,Bulala
39.5833,8.1667,Koshita
39.5667,8.05,Diksis
39.3833,7.4,Siltana
39.9167,8.3833,Guna
39.995,7.7239,Bele 1
40.0167,7.7,Bele Arsi
38.1062,7.165,Ropi
38.9809,7.236,Shire
38.85,7.3,Alem Gena E Shewa
38.9167,7.2167,Kore Arsi
38.9833,7.2333,Sire Arsi 2
40.9895,9.1203,Hunde Lafto
40.8632,9.0725,Asbe Teferi
42.1667,8.7833,Midega
41.7667,8.2333,Meyu
41.9075,8.6085,Bube 2
41.8833,8.7,Dero
41.8833,8.5833,Furda
41.95,8.7,Gebibda
41.85,8.7,Sengo Chulul
42.561,9.5317,Chinaksen
40.2,7.2667,Alem Gena Bale
40.3,7.3,Bila Bale
40.3167,7.4,Birbirsa 1
40.2667,7.2833,Fesesa
40.1833,7.3667,Gasera
40.25,7.4333,Guranda Arsi
40.1857,7.3693,Karara
39.7775,7.1029,Dinshu
39.8667,7.1167,Mio
40.3833,6.9,Bele Bale
40.5209,6.9758,Goro Bale
40.3667,6.9667,Jema
40.65,6.9333,Mana
40.35,7.0167,Meliyu
40.2833,6.8833,Selka
40.7333,6.8833,Sof Umar
38.4153,5.7767,Kercha
38.5926,5.7054,Birbirsa Bera
38.5,5.7167,Ansame
38.3667,5.8667,Baya
39.25,6.1,Bila Borena
39.2167,6.2,Molicha
39.1672,5.8889,Zembaba Wiha
39.3089,5.7729,Wadera
37.9642,6.375,Gidicho
38.2699,5.7725,Gerba
38.3368,5.6572,Kilenso
38.1833,5.85,Dega Borena
38.2333,5.65,Agere Mariyam
38.1667,5.55,Bicho Borena
38.2,5.8167,Jaba Sire
38.2667,5.6667,Mati
38.0378,5.2305,Dedertu
38.1555,5.0318,Tedim
37.9975,4.9472,Bolekedo
38.6167,4.9833,Berchuma
38.7,5.0167,Gara
38.1333,4.65,Ashi Beargesa
38.2333,4.6167,Chimbo
38.2,4.8,Deritu
38.2333,5.2833,Didiga
38.1333,5.0167,Gerdasa
37.9167,5.25,Karka
38.25,5.0833,Keranyo
38.1167,4.8667,Kobo Sidamo
38.1833,5.1667,Surupa
38.3,4.9333,Tuwaya
38.1667,4.95,Tuyero
38.0833,4.8833,Yabelo
38.5167,8.5167,Gubiso Gebeya
38.6,5.1667,Bedewera
38.2667,5.4,Finchawa
38,5.45,Seyema
38.6048,5.4841,Soda
38.6833,5.3167,Aflala
38.55,5.55,Gafebule
38.7152,4.217,Sogiya
38.9833,4.3833,Abadesenke
39.25,4.1333,Adili
38.9333,4.3667,Bolale
38.45,4.3167,Anal
38.5333,4.2333,Gayu
38.7,4.2,Sodiga
38.8256,4.7587,Metagefersa
39.4203,4.5536,Amico
38.788,4.7158,Arero
39.3333,4.3167,Dekawata
39.5049,4.4541,El-been
38.5667,4.8833,Fultura
39.25,4.7833,Hudat
39.325,4.8517,Malkaguba
39.3109,4.6804,Marsha
39.3631,4.6207,Qalqlja
39.05,4.5333,Wachile
39.4,4.5833,Waltena
38.7,4.5,Web
34.593,8.4754,Shebel
35.0996,8.2828,Bure
35.239,8.235,Sibo
35.0833,8.2833,Bure Gore
34.7038,8.655,Sedi
35.1562,8.0602,Birbirsa 2
34.9132,9.7773,Benguwa
35.5917,9.3691,Bila 2
35.6898,9.2647,Deboko
35.7322,9.1993,Mekenejo
35.8653,9.0738,Keki
36.0387,9.0366,Jogir
36.1037,9.0645,Hamus Gebeya 5
36.1969,8.7496,Tulema 1
36.2833,8.6833,Kone
36.4521,9.0299,Kolobo
36.4667,9.0333,Dega E Wellega
36.1714,9.9485,Surge
36.3141,9.8472,Haro
36.2167,9.7667,Demi
36.1833,9.8833,Ucha
39.2,9.5167,Dera Shoa
39.3,9.55,Kese
39.3167,9.65,Mendida
39.0333,9.7,Roge
39.3333,9.3833,Bili
39.35,9.4167,Sembo 2
39.2833,9.3167,Sheno
39.1333,8.9833,Chefe Donsa
38.4959,9.0692,Holota
38.8833,8.8,Dukem
39.0167,9.2167,Bucho
38.9,9.1833,Dire N Shewa
39.0167,9.0167,Domota
38.95,9.1667,Kurfo
38.9,9.0833,Lege Dadi
39.05,9.05,Lencha
39.0167,9.1,Mulo N Shewa 1
39.0167,9.15,Sendafa
38.7333,9.3167,Chancho
38.85,9.45,Duber
38.8333,9.4,Gorfo
38.8,9.3667,Lege Tama
38.75,9.1667,Sululta
38.656,8.9266,Alem Gena
38.6446,8.8152,Boneya 2
38.7,8.75,Aba Samuel
38.6333,8.8,Boneya W Shewa
38.6333,8.9167,Sebeta
38.5,8.85,Tefki
39.6708,9.7999,Godo Beret
39.5167,9.6667,Debre Birhan
39.6,9.65,Atakilt
39.6167,9.7167,Dinbar
39.6667,9.8,Gude Beret
39.6667,9.7333,Gura
39.7,9.8333,Koso
38.9,9.8,Lemi
38.7915,8.8666,Akaki Beseka
38.7667,8.9,Kaliti
42.0626,5.2861,Harqele
41.4,12.8,Hara
41.2667,12.9,Mengaga
41.1167,12.1833,Agilio
41.05,12.5,Korbeta
40.8833,12.6333,Didhab
40.3667,11.2667,Eli Wiha
40.5167,11.3,Weranso
37.4832,7.2816,Durgi
36.2628,7.2216,Anderacha
35.7781,6.639,Jemu
36.8235,7.2776,Soyema 1
36.6624,7.0382,Gowa
37.2405,7.0031,Tulema 2
37.6495,6.4785,Zefne
38.6094,8.3988,Kondaltiti
38.6379,8.1665,Dugda
37.6184,8.3142,Tedele
37.6882,8.2726,Tawula
37.9293,8.12,Indibir
38.0243,8.0256,Jembero
36.5947,6.0579,Wib Hamer
38.3173,8.0174,Keber
37.5058,7.3253,Medula
35.4796,7.7416,Masha
36.2242,7.3994,Gimbo
36.2401,7.3885,Bonga 2
36.2858,7.3848,Deri 1
38.1128,7.3309,Kulito
38.35,7.4833,Dechiya
36.0011,7.307,Dara 1
37.1584,7.1454,Tocha Sodo
37.1013,7.0334,Meri
37.7639,6.8682,Soddo
38.5192,6.5139,Hagere Selam 02
38.348,6.6558,Chuko
36.1178,6.2265,Hana
38.2162,6.2928,Koti
35.7783,6.9556,Shewa Gimira
37.9772,5.8068,Jelo
37.9399,5.6505,Melka Jewe
37.9012,5.5364,Goche
37.8509,5.4865,Soyema 2
37.4319,5.3354,Bekawile
37.2505,5.3217,Kolme
37.4595,5.2842,Gemole
37.3592,5.2664,Fasha
37.522,6.9174,Bele 2
37.339,6.7509,Kindo Halato
38.476,6.9542,Tula
38.6952,6.9768,Guguma
38.5634,6.9363,Wijigra
38.6778,6.8436,Hogiso
38.4092,6.7568,Yirga Alem
38.3899,6.6635,Aleta Wendo
37.7734,6.7017,Tebela
37.8349,6.612,Gelcha
36.8805,6.0544,Beto
36.6401,5.6684,Kaka
38.2465,5.9715,Gedeb 2
38.0438,6.8918,Dimtu 3
38.0998,8.1874,Aqena
35.1122,6.8219,Gura Ferda
35.6415,7.07,Temenja Yazhi
35.9091,6.819,Bachuma
35.7989,6.7604,Gachit
37.2669,7.2354,Welde Hane
35.7777,7.2718,Bita Genet
36.1214,7.4652,Kebechi
35.3999,7.5568,Gecha 2
37.8973,7.2364,Gemesha
38.1007,8.0053,Arkit
37.395,5.7352,Arguba
37.4094,5.5538,Gato
37.2677,6.0648,Belta 1
39.4354,5.2043,Mugayo
39.3333,5.1833,Alge Borena
39.8,5.4167,Awara 1
39.7667,5.4833,Baltije
39.5303,5.1046,Bul
39.5894,5.1024,Geda
39.3667,4.85,Hinde Borena
39.5667,5.3333,Negele
39.1833,4.95,Watadagi
39.3895,5.548,Hare Kelo
39.4667,5.4833,Bitata
39.4,5.55,Harokelo
38.7921,5.3288,Dawa
39.1333,5.15,Dukafale
38.6812,5.7599,Alona
38.7932,5.6511,Megado
38.8333,5.65,Cheketa
38.7833,5.65,Dawa
38.8833,5.7,Reji
38.9,5.75,Shakiso
38.7083,6.2039,Yirba Moda
38.7,6.1833,Irba Moda
38.6167,6.3667,Bore
36.6679,10.0693,Jangir
36.6716,9.9269,Dire
36.6833,9.7,Dale E Wellega
36.6333,9.8167,Doro Wayu
36.6667,10.0167,Hinde E Wellega
36.6,9.8833,Ayana
36.8665,9.9613,Kiremu
36.7648,9.922,Kokofe
36.8833,9.8667,Boka
35.4,9.09,Yara
35.4758,9.1707,Guliso
46.6707,6.923,Dubub
45.388,7.0972,Welwel
45.7853,6.9555,Agere Weyin
42.7663,5.0317,Badhi
45.1296,5.1086,Ferfer
42.0212,4.5041,Burkale
42.1282,4.2046,Melda
39.4833,4.0333,Jima Sidamo
41.5385,4.5191,Bekolmag
41.9374,4.2337,Bur
33.0428,7.821,Tirgol
33.0667,7.8167,Akobo
33.0833,8.05,Wangding
34.1125,8.4984,Wanke
34.2667,8.1833,Itang
33.6139,7.7278,Penkow
33.95,7.5333,Ciam
33.7167,7.7,Pegncoa
33.6167,7.8667,Tor
33.85,7.8167,Udia
34.4771,7.6042,Punydo
34.2,7.6833,Dipa
34.5,7.5833,Gog
34.5333,10.0667,Asosa
41.4333,11.5667,Asayita
41.6833,11.4667,Afambo
37.5167,4.1833,Jenya
37.2667,4.5,Abot
37.6833,4.9167,Barna
37.65,4.6167,Bere
37.7667,4.55,Butajira Gamo Gofa
37.4,5.1167,Dara 04
37.3167,5.0833,Kela 04
37.4167,4.8167,Keliba
37.35,4.9667,Milem
37.6,5.0833,Tedesa
37.3833,5.0667,Teltele
37.5,4.4,Tiltek
37.25,4.3667,Zedok
39.0833,3.8167,El Gof
39.2,3.7667,El Leh
39.0676,3.5633,Jaamuuq
39.4581,4.0105,Karaye
39.232,3.7672,Leey
39.05,3.55,Moyale
38.3611,4.207,Sodo
38.05,4.1667,Ado
38.2667,4.3667,Dubuluk
38.5333,3.9,El Melbana
38.4167,4.2,Elgay
38.1,4.2833,Fule
37.95,4.45,Goba Sidamo
38.3,4.0333,Godebero
38.3667,3.7167,Kayew
38.3167,4.1,Mega
38.8833,3.9,El Eyader
38.5,3.8,Hidilola
35.4077,6.3096,Toom
35.5645,5.9954,Kulu
36.4173,4.6575,Fejel
41.7871,11.8983,Deday
41.85,12.6333,Birdelo
41.8,11.9167,Dadai
41.9,12.05,Eli Dar
41.8167,12.5167,Endahura
41.5667,11.9167,Hayu
42.1833,12.3833,Manda
41.7742,9.6175,Melka Jebdu
42.1167,9.5617,Ejersagore
41.85,9.5833,Dire Dawa
39.1667,14.15,Feres May
39.1667,14.5,Gerhu Sernay
39.1333,14.2833,Inticho
39.5167,13,Betemara
39.3833,12.4,Adi Lanka
39.5833,12.3,Waja
37.9667,13.9167,Debre Abay
38.1667,13.9,Indabaguna
38.2,13.9833,Maydimu
38.2333,13.8167,Togober
39.7333,13.8667,Inda Silase Hulet Awlalo
39.7,13.8,Wikro
39.1667,13.65,Hagere Selam 01
39.4833,13.5,Mekele
39.5,13.2667,Adi Gudom
39.4833,13.45,Aynalem
39.5333,13.4667,Kwiha
39.5167,13.3667,May Keyah
39.5833,14.5667,Mezba
39.7167,14.3833,Gunda Gunde
39.45,14.2833,Adigrat
39.2667,14.3,Debre Damo
39.3667,14.4167,Fadi
39.45,14.0333,Hawzen
39.7333,13.1,Debub
39.4,13.2333,Hintalo
39.4833,13.0833,Hiwane
39.5,13.1667,Makmatiwit
39.35,13.8167,Tsige Reda
39.5833,13.7,Agula-e
39.5833,13.8833,Negash
39.5833,13.7667,Wukro
39.0167,13.6167,Abiye Adi
38.8167,13.6167,Guia
38.9833,13.7333,Kechemo 01
38.8,13.7667,Mahberedaguea
38.1667,14.3167,Adi Dairo
38.4333,14.4,Adi Mendi
38.7,14.15,Aksum
38.4667,13.8,Debre Kerbe
38.4167,14.0833,Selekleka
38.4,14.25,Simema
38.7833,14.4167,Rama
38.7,13.8,Debre Genet 01
39.55,12.45,Alamata
39.5,12.5,Korem
39.55,14.1167,Enda T/Haymanot
39.5833,13.95,Frewenyi (Senkata)
39.5667,14.1833,Idaga Hamus
39.0333,13.1,Adi Zelia
39.2667,12.95,Dola
39.2333,13.2,Gijet
39.2333,13.0667,Samre
38.0667,14.5333,Adi Awiala
38.0096,14.4756,Adi Hageray
37.8333,14.7167,Lama
37.7667,14.4,Shiraro
37.4333,14.4333,Sittona
37.95,14.6333,Yirga
38.2833,14.1167,Inda Silase
38.6,14.1167,Wukro Maray
39.05,13.5333,Agbe
38.75,13.3333,Missadi
37.3833,13.4167,Madra Gabeye
37.3833,13.5167,Mesfinto
38.4,13.7167,Adi Mella
38.1833,13.6667,Haida
37.8,13.7333,Kidus Mikael
37.3167,13.6167,Dejena
39.2667,14.1167,Nebelet
39,13.9,May Kental
39.5333,12.7833,Maychew
39.5667,12.85,Adi Shoh
39.8,12.45,Chercher
39.75,12.85,Mago
39.6333,12.8333,Mersa Tigray
39.7667,12.55,Weyra Wuha
42.5667,10.75,Aysha
42.5667,10.3833,Biye Gurgur
42.5217,10.2448,Biyodidley
42.5736,10.4171,Biyo-Qaboobe
42.5785,10.7911,Cayshaca
42.6556,10.2747,Ceelahelay
42.6594,11.0566,Dawanle
42.6167,11.0333,Dewele
42.3454,10.6033,Laas-Xadhaadh
41.7769,10.8306,Omer-Guluf
41.4531,9.546,Beela
41.3693,9.8596,Caydora
41.1644,9.9759,Coosbuly
41.4105,9.526,Erer
41.4508,9.6703,Sideete
41.9308,9.7145,Baraaq
41.8549,9.7908,Gaad
41.6563,10.5371,Gohod
41.9833,9.9333,Harewa 1
41.8099,9.6678,Jeedane
42.0671,9.7544,Kalabeyr
42.1167,10.1833,Mile 2
42.049,10.0765,Milo
41.85,9.6833,Shinile 1
41.8506,10.1742,Xaarey
41.6132,10.1142,Xadhkaale
43.2083,9.7858,Aw-Barre
43.0108,9.9022,Carma
43.0331,9.8311,Dharwanaaje
43.2002,9.8425,Galawaadiile
43.0634,9.6623,Gobabley
43.1799,9.4993,Gobyarey
42.8333,10.0833,Gogti
43.05,9.8667,Harawa 2
42.8073,9.9586,Jaamaale
43.0204,9.965,Laylakaal
43.0597,9.5085,Rurujis
42.7667,9.7833,Sheble
43.126,9.6939,Sheed-dheer
43.0401,9.6831,Sog-Sog
43.2167,9.7833,Teferi Ber
43.3333,9.6,Togochale
43.2916,9.5947,Wajaale
42.8893,9.6725,Xera-Geel
42.9686,9.5835,Lafaciise
42.7167,9.9333,Arabi
42.5167,10.0667,Biyo Anod
42.4994,10.0407,Biyo-Baxay
42.6024,9.8108,Dhambal
42.3323,10.0362,Dhuure 1
42.7161,9.9882,Gajeeji
42.1433,9.8176,Harmukaale
42.1333,9.7333,Jeldesa
42.3301,9.7567,Jirimiti
42.5085,9.7756,Qaranley
42.4428,9.7501,Samakaab
42.6318,9.9822,Sanduleel
40.8717,9.31,Mulu
41,9.4833,Afdem
41.1833,9.5333,Bike 2
40.863,9.6431,Salax-Daware
42.7333,9.2,Beyean
42.6895,9.3049,Shabeley
42.9142,9.138,Adaley
43.0108,9.2609,Amadle
43.0918,9.4373,Aroreysa
43.0257,9.4411,Bundada
42.9444,9.5365,Geelboob
43.0403,9.3212,Gum/harre
43.0468,9.2534,Harre
42.9,9.4833,Lefeisa
42.6883,9.355,Xaadow
42.8576,9.2116,Bodeley
43.4833,9.35,Awkelef
43.4011,9.1171,Baliyoley
43.3122,9.2977,Ceegato
43.3216,9.0523,Dawacaley
43.1116,8.8864,Dhalan-Dhiga
43.0769,8.9299,Dhurwaale
43.1954,8.9475,Dubur-balar
43.2021,9.2011,Fadayda
43.0384,9.0711,Farda
43.013,8.9661,Gabriile
43.134,9.1513,Garbi
43.4246,9.3224,Gargoor
43.2364,8.886,Gillo
43.2554,8.9756,Guyoobe
43.3527,9.1221,Harta-Sheekh
43.35,9.15,Hartishek
43.1367,8.8329,Horakhaliifo
43.1667,9.1,Kebri Beyah
43.03,9.0175,Qaaxo
43.1892,9.3311,Ruka
43.3941,9.2788,Waxaabajiro
43.8705,9.0347,Andho-Daxale
43.95,9.0167,Ayan Arah
43.5899,9.215,Dabeylweyne
43.8965,9.104,Gumar
43.5667,9.1667,Harshin
43.6437,9.1841,Kabaqorey
43.6788,9.2177,Laftaagan
43.7237,9.2467,Madalweyn
43.7631,9.199,Magalo
43.7669,9.0588,Quracramaale
43.7362,9.1526,Shanismood
42.5988,9.2408,Dagaxle
42.6458,9.3099,Dumdumo-cas
42.6133,9.2433,Faafan
42.65,9.35,Hadew
42.695,7.2262,Dihun
42.4412,7.3349,Gansaale
42.7908,7.0767,Gersele
42.8967,7.2916,Dareselam
42.8878,9.1697,Garasley
43.3711,8.7507,Ararso
43.7244,7.6727,Baka
43.5877,8.5377,Baris-ade
43.8108,7.9464,Bulaale
43.499,8.5836,Cobale
43.55,8.2167,Degehabur
43.8646,8.3572,Dhagaxtuur
43.4117,8.7025,Dikrilley
43.05,7.4667,Dudamori
43.0184,7.1769,Farah-Rawan
43.745,8.2567,Felfel 2
43.6073,8.4164,G/Dhere
43.5915,8.0927,Garawo
43.5507,8.3725,Geedi-ar
43.5167,7.7667,Hacochibo
43.6083,7.9343,Hurale
43.1118,7.2491,Helo-dere
43.5517,8.5309,Higlaaley
43.3454,7.4893,Hurumo
43.1191,7.302,Iimey
43.4421,7.6993,Isdabadeg
43.2839,8.0866,Koracelis
43.4781,7.9459,Korecelis
43.3906,8.1181,Labida
43.4316,8.6409,Magaload 1
43.4989,7.9788,Mindhicir
43.5,8.5835,Abole
43.6153,7.9104,Qoboley
43.4395,7.7727,Sancade
43.6067,8.0241,Sandaxile
43.6592,7.8701,Sasabene
43.4,7.5167,Tamangale
43.4398,8.7302,W/Adan
43.8574,8.422,Yocaale
43.9403,7.8038,Gunagode
43.2917,7.308,Gerbo
44.6971,8.2241,Daror
44.4084,8.4777,Rabaso
44.1391,8.6711,Aadan-Waraab
44.5949,8.3259,Aarjoog
45.2373,8.4558,Adanmanyere
45.0182,8.0563,Alabta
44.3268,8.5272,Aliya
44.6167,7.7,Aroresa
44.3922,8.5856,Bali-Cabdi
44.508,8.1095,Baliergin
44.0005,8.9947,Baligubadle
45.123,8.3861,Balise
44.7887,8.3498,Bali-Suun
44.412,8.6749,Burco-Duurey
44.8284,8.2538,Caaglibaaxle
45.0123,8.4351,Cadaada
45.2877,8.4296,Daalaco
45.2906,7.9861,Dagahyaade
44.6167,8.2333,Deror
44.8991,8.3005,Dhagaxda
44.9811,7.8213,El-Bahay
45.2469,8.1156,Gaashaamo
44.199,8.5568,Gaashaanka
45.0831,8.3082,Galka
45.35,8.0667,Gashamo
44.7661,8.0296,Goseyga
44.9836,8.2585,Gubadguun
44.75,8.6833,Haskul
44.7544,8.1745,Idamadan
44.23,8.8633,Inaguxa
45.2899,8.2811,Isku-Dhoon
44.16,8.608,Kaam-Abokor
44.099,8.7916,Kaam-Haashim
44.5373,8.6075,Kaam-Liibaan
44.6579,8.506,Kaam-Maxamed
44.5819,8.594,Karooska
45.1333,8.6,Lan Mulaho
44.96,8.17,Lankertaro
44.1167,8.9333,Mareg Dughleh
44.9135,7.9442,Mohlin
44.9175,8.4014,Raqda
44.8869,8.0383,Reebadhere
45.2983,8.3376,Samater
44.5255,8.3786,Shabelle
44.7322,8.1115,Shandambi
44.2333,8.8833,Uoda Gol Dable
44.4167,8.8333,Uodda Don
44.7189,8.4754,Waabo-Cado
44.9708,7.9058,Wadhane
45.4433,8.2883,Xalxalis
43.0167,7.9833,Degaga 2
42.9135,8.3959,Farso
42.9188,8.0824,Garbaduubo
42.8849,7.8216,Karinka 1
43.0785,8.002,Mudulka
42.9216,8.305,Tantomi
42.9186,8.4144,Xerosafar
43.0507,7.8082,Aljier
45.5343,7.731,Bodedere
45.905,8.0517,Hayeweyira
46.5952,8.0291,Gobeyne
46.5283,7.7664,Merkan
45.9736,7.6184,Ali-Barweyn
45.2423,7.8133,Ali-Jamac
46.3024,7.8825,Angolo
45.6557,8.0303,Baali-Dhaye
45.4381,7.9771,Balimidgaan
45.362,7.5433,Cilmi-Xira
45.7223,8.3967,Codale
46.3793,8.0704,Cunbaal
45.3167,7.55,Danot
45.8167,8.3667,Dinleh
45.6667,8.4167,Drialel
46.0659,7.9487,Fardolaye
45.5342,8.0376,Gaarabidhaanle
45.6384,7.7931,Gorgor
45.7865,7.9966,Gowlalaale
45.6767,8.2204,Habuura
45.9624,8.2804,Hadhadhan
45.7397,8.1661,Haye
46.0769,7.7964,Heegaale
46.3126,7.6982,Jarmalo
46.3167,7.9167,Kurmis
46.4058,7.3236,Labiile
45.856,7.5762,Lander
46.4464,7.9798,Madax-Gaal
44.9393,7.609,Marsin
44.9667,7.5833,Mersin Galgalo
46.4551,7.5399,Qaawane
45.9625,7.8283,Qararo
46.105,8.1274,Qurac-Dhalaan
45.1249,7.5691,Samayo
46.2405,8.0076,Sararweyne
46.2833,8.2167,Serer Wein
45.6131,7.8841,Tuulo-Habreed
45.7192,8.028,Tuulo-Qarax
45.9643,7.828,Tuur-Wareen
46.4374,7.8987,X/Burburis
45.6373,7.5035,Xirsi-Macaf
45.9033,8.1144,Yucub-Boole
46.1717,7.4518,Serahaye
46.3261,8.2323,Buhodle
42.2021,7.8708,Ahmed-Kahin
42.353,8.2369,Aloosane
42.4651,8.0175,Beshiro
42.3445,8.0047,Cadaley
42.4932,8.2457,Car-kalali
42.3438,8.0611,Caws-Macaan
42.3238,8.2798,Dhanqa
42.219,7.8981,Duro
42.2923,8.1411,Fik
42.4821,8.3322,Hardhagax
42.2704,7.9975,Hodanweyin
42.4861,8.1206,Jeerinka
42.3751,7.9585,Marlabile
42.5456,7.9428,Nurgesad
42.2504,7.9596,Kudamaydile
42.3221,8.3212,Samanle
42.1961,7.8342,Herdagah
42.11,8.13,Rejeya
42.14,8.18,Fincha
42.09,8.08,Serekere
42.5861,7.8947,Yahob
46.8625,7.5301,Aferedid
46.5358,7.2249,Baaltaag
46.7333,7.5333,Boh
46.6472,7.4274,Bookh
46.7469,7.7771,Dameer-Cad
47.2733,7.4767,Dogub
46.9167,7.4,Demergog
46.8489,7.8895,Docmo
46.8667,7.9167,Domo
46.6094,7.3601,Jiracle
46.7922,7.2301,Maded
46.8345,7.375,Mirafedle
47.28,7.9183,Sehder
46.5228,7.2013,Towradda
46.7963,7.6997,Wanaagsan
42.3879,7.8444,Dhaban-Adi
42.3232,7.4025,Gesehges
42.1841,7.69,Hamero
42.6733,7.7298,Heesarar
42.1967,7.6119,Qaali-Cadaad
42.6209,7.817,Xodey
42.21,7.52,Galatuban
42.6085,7.3926,Bermel
42.6805,7.4172,Karjajabo
42.724,7.4525,Alifanade
42.927,7.3241,Ciinley
42.7724,7.5226,Sangal
42.9241,7.5741,Ceebla-Cad
43.009,7.5051,Ciidadow
42.8432,7.5793,Qurac-Tukale
42.864,7.5129,Lantedar
42.834,7.6812,Segeg
43.0553,7.705,Berkunale
43.6816,7.3944,Geringon
44.5305,7.261,Gebegebo
44.0333,7.2833,Bengado
43.8147,7.4855,Gomaar
44.5988,7.2834,Jilbisyale
43.9333,7.3667,Shekosh
43.75,7.35,Hade
44.44,6.44,Hare'ano
44.36,6.42,Jidale
44.7046,6.7818,Barlajisle
44.1176,6.6631,Dalad
44.9146,6.8052,Dawacaley
44.1801,6.6574,Dharin
44.6741,6.6824,Dhuure 2
44.3506,6.7492,El-Xar
44.5512,6.6022,Foljeh
44.1667,7.1167,Geladid
44.4735,7.1071,Jiic
43.925,6.582,Kabtanaag
44.2311,6.9055,Karin-Bilcinle
44.3333,6.6167,Korahe
44.572,6.7816,Kudunbur
44.5319,7.1747,Landher
43.8226,6.5615,Lasdhankeyrle
44.4366,6.5153,Mare'alo
43.9667,6.5667,Marodileh
44.6147,6.6342,Tayin
44.3427,6.4573,Xudur-Eyle
44.1002,7.2306,Wichewiche
43.73,7.26,Komera
41.1833,5.9833,Alesmater
41.4667,5.8667,Ararba
41.2667,5.8833,Gerbadejo
41.2346,6.0497,Gora-Baqaqsa
41.5158,5.7877,Harra-Arba
41.2833,5.6333,Ifeba
41.2333,5.6167,Kabale
41.4643,5.8566,Xagar-Magor
42.0638,5.8999,Awraga
41.9083,6.275,Bedale
41.9914,5.7888,Bila 3
42.15,5.9833,Bubayio
41.9867,5.9987,Ceelood
41.7667,6.0667,Dekash Kisa
41.8494,6.4544,Deli Mendayo
41.6333,6.15,Dereweyn
41.85,5.9333,Dible
42.2,5.8833,El Kere
42.3167,5.7333,El Kure
42.35,5.8667,El Uak
42.3617,5.6883,El-Kure
42.2,6.0833,Er Bar
41.9345,5.8242,Gaaley
41.931,5.8193,Gololo
42.0562,5.7391,Jabso
41.9204,5.8705,Maja
42.1095,5.9899,Masle
41.7948,6.5439,Raaso
41.8325,5.9748,Shakisa
42.65,5.8,Sterka Reba
42.5116,5.7723,Towley
42.2691,5.7776,Unko
41.9333,5.8333,Werwer
44.75,5.8667,Bulei
44.0467,6.1129,Carmale
44.4145,6.3095,Ceel-Ogadeen
44.8766,5.7837,Dalanbiya
44.3831,6.1568,Haarcad
44.1527,6.0131,Haraweyn
44.3809,6.2112,Jiracle
43.9355,6.3921,Sardale
44.21,6.22,Negadadiweini
44.45,6.22,Elmode
43.7234,5.8198,Libaan
43.4704,5.9545,Hilogodudo
43.7657,5.8342,Baare
43.3069,5.953,Barda-Qorax
43.6696,6.3694,Bagun
43.2195,6.0989,Bod-ano
43.316,5.9425,Bulshoweyn
43.6575,5.9023,Cilaan
43.5333,6.0167,Cuban
43.7043,5.8802,Dabafeyd
43.7339,5.858,Dundacade
43.8333,6.2,Garba Gudu
43.8833,6.1077,Garbaguduud
43.6495,6.1866,Gibiase
43.55,5.9536,Gode
43.6015,6.2426,Hadhaawe
43.0667,6.0833,Kerim Tileh
43.1333,6.0333,Massela
43.7056,5.8793,Qandhadh
43.1236,6.0224,Rerenie
43.3275,5.9463,Sankober
43.3488,5.9472,Sigole
43.7043,5.8802,Yahasjemal
43.8544,5.768,Karinka 2
43.95,5.74,Debaldeg
44.3795,5.5813,Bi-Idaaro
44.4,5.5667,Bulo Olo
44.3032,5.5921,Burgabo
44.4035,5.5662,Caasha-Taag
43.9803,5.6705,Debeketur
43.9067,6.0217,Elele
43.9963,5.764,Haar-Guduudo
43.8533,5.7728,Jare
44.201,5.5926,Kelafo
44.4678,5.5175,Kunasi
44.3507,5.5916,Luuq-Dheere
41.7243,5.2817,Adad
41.4285,5.1645,Afade 1
41.2667,5.5833,Amina
41.5,5.5667,Arabakale
41.6686,5.1789,Baar-Dumey
41.8957,5.1517,Balli
41.4667,5.0667,Bander
41.4833,5.6833,Bobayu
41.3604,5.2441,Caro-Guduud
41.9274,5.1844,Ciid-Dhere
42.0057,5.0603,Dab-Dheere
41.7756,5.3899,Dangi
41.9977,5.3245,El-Amoud
41.75,5.7167,Elmedo
41.9757,5.5228,Galayax
41.9244,4.9706,Geeraare
41.7738,5.6753,Hilomadow
41.8579,4.9124,Il-Guduudo
41.9803,5.6688,Jalnqawi
41.8807,5.3354,Jarati
42.0174,5.7007,Kutiri
41.9475,5.1526,Laan-Qurac
41.4,5.3,Mangadude
41.8,5.45,Melka Chireti
41.5875,5.1656,Mideyn
41.8007,5.5766,Qarabaay
41.9715,5.0221,Qaruurax
41.9224,5.1988,Sabulaad
41.9733,5.5624,Sanqotor
41.9383,5.0607,Toosiyow
41.8671,5.2006,Towfiiq
41.731,4.8587,Washaqo-Moh.
41.9169,5.118,Xayir
41.587,4.8871,Yabow
42.8848,5.3379,Afcadde
42.35,5.15,Afder
42.0564,4.8913,Afweyn
42.5854,5.2436,Baar-Geel
42.2999,4.8727,Candhaley
42.1118,4.7767,Dadhame
42.0843,5.0149,Dhirindhir
42.5,4.95,Digsa
42.6333,5.1667,El Bahid
42.8,5.4167,El Barkle
42.7535,5.3118,Fashuq
42.3431,5.0718,God-Cusbo
42.6709,5.1263,Libaxjifa
42.5072,4.8808,Masallaaduun
42.4661,5.1844,Ooman
42.4697,5.0359,Qaboobe
42.3677,8.4508,Dundumened
42.3658,8.4565,Dudumo-Cad
42.379,8.502,Shilinle
41.98,7.7,Gerbobure
41.9167,7.4667,Kulolo
41.4833,6.25,Arabure
40.9333,6.4333,Aramumud
41.0667,6.1833,Argedeb
41.2667,6.5333,Beledi
41.4717,6.3283,Dora-weyn
41.1117,6.145,Hargadeb
42.5167,6.1,Adot
42.7833,5.9,Danane Dere
42.5723,6.2506,Dhibyar
42.8425,6.1271,Dhur-caytame
42.975,6.0639,Gabal
42.2881,6.3376,Gongo
42.15,6.45,Imi Bale
42.3331,6.3138,Jiiq
42.3,6.1,Laab 1
42.2678,6.3502,Magalo-Marwo
42.4918,6.2726,Majabe
42.4106,6.3088,Suufley
42.1619,6.4325,W/Iimey
42.3068,6.3275,Xadhuunle
42.6243,6.2463,Abakoro
42.29,6.33,Bilakelda
43.5908,5.8863,Badaliilocad
43.6092,5.8689,Baqdad
43.1,6.0167,Boh Bar
43.5285,5.7975,Bohol-Xagare
43.2491,5.9357,Burseredo
42.9903,5.8055,Daf-dafey
43.0242,6.0515,Dameerey
43.6532,5.8609,Debafed
42.9029,5.8529,Dhanagab
43.503,5.8144,Haar-Uus
43.2367,5.9394,Kerker
43.48,5.917,Kunka
43.0218,6.0234,Xerodigren
43.3985,5.6524,Biraaley
40.3692,5.1872,Bakoka
39.9333,4.7667,Bilanga
40.25,5.3,Dibe Jilo
40.3333,5.2167,Fananmieba
40.3769,5.3174,Gherf
40.0667,5.2167,Haya Sifta
40.1282,5.1866,Higgli-BH
40.2198,5.1868,Qarabul-BH
40.3126,5.1877,Seeru
40.0201,5.2527,Walladea
40.0198,5.1984,Xayasuuftu
40.6613,5.2619,Afade 2
41.0833,5.4333,Al Abdile
41.4213,4.9949,Baan-Dheer
40.6167,4.7333,Bukuwako
40.8,5.3167,El Daud
40.65,5.1167,Filtu
40.5911,4.6915,Golbo
40.7667,5.5,Gotbehabo
41.0874,4.7682,Hayinle
40.8139,5.1677,Hirin
40.7929,5.3252,Malka-Labi
40.775,5.1467,Masaajid
40.7118,5.1406,Qullenti
41.0803,5.2395,Quracle
40.966,4.6343,Quulaay
40.5167,5,Waramus
40.4733,5.1449,Xaydiintu
42.7867,6.2001,Hilo-Naagood
42.4523,6.56,Ban-Yare
42.1056,6.5525,Bulushe
42.6167,6.3,Cogno
42.4847,6.3589,Duud-Gabi
42.2006,6.4725,East Imi
42.3118,6.3825,Galmey
42.1667,6.4667,Imi
42.8287,6.2173,Laab 2
42.8279,6.218,Magaload 2
42.9667,6.1,Melka Teka
42.5441,6.3684,Qaruud
42.3347,6.345,Kyraley
42.3006,6.8074,Gudiso
42.82,6.17,Libahile
42.7,6.8033,Adadle
43.0167,6.3667,Asbuli 2
42.2821,7.0831,Cayuun
42.9167,6.5167,Gosasani
42.5,6.83,Hodan-Weyne
42.9838,6.9705,Hermodeley
43.0373,6.9688,Hagel
43.2256,7.2192,Meleyko
43.478,6.7675,Baaad
43.0526,6.6961,Bilaliqanda
43.0667,6.9,Bircul
43.4748,6.7094,Burkayer
43.1349,6.6151,Ceelweyne
43.3333,7.25,Dabatach
43.4833,6.5,Denan
43.6338,6.5199,Dhamberweyne
43.2667,6.3167,Gabro
43.2768,6.7132,Jano-gaban
43.4142,6.5603,Koro
43.3185,6.986,Marameydh
43.3486,6.6607,Qora
43.5525,6.6788,Shinile 2
43.3691,6.314,Wadan
42.9476,6.9694,X/Marodile
42.9833,6.9733,Xararey
43.3118,7.0834,Yoocaale
43.22,6.43,Aleweyine
43.47,6.35,Adawe
44.5027,7.7551,Dig
44.3348,8.0093,Gerdame
44.1505,8.2548,Aware 2
43.9355,8.836,Bali-Abaad
43.8975,8.9809,Carancarey
44.0578,8.2494,D/dalool
43.9258,8.2912,Dusmo
43.9519,8.83,Inanta
44.0202,8.8088,Kaam-Barwaaqo
43.8788,8.8558,Laanqeyrta
44.1628,8.3117,Maaxato
43.7414,8.9226,Xarshin
37.9,9.6667,Gimbi Shoa
37.8333,9.5833,Gindeberet
37.75,9.7,Gula Bedesa
37.85,9.6,Kachisi
37.6667,9.6833,Leweso
37.8167,9.8333,Sire Gino
38.1833,9.3,Gola
38.1833,9.5333,Lafto Belo
38.2667,9.3167,Shino
34.5333,9.35,Begi
34.5667,9.3,Shashi
38.3667,9.3,Inchini W Shewa 1
38.35,9.4667,Mekoda
38.05,9.2,Bicho W Shewa
37.9333,9.3333,Chobi
38.0333,9.4167,Shikute
41.1667,9.3833,Biyo Karaba
41,9.15,Debeso 2
41.0833,9.3,Doba
41.1167,9.25,Tulo
41.05,9.25,Werehama
40.2667,9,Arba
40.6667,9.1667,Asebot
40.3809,9.0226,Bardoode
40.7,9.1167,Bilu
40.7,9.2,Fayu
40.3667,8.9333,Guba Koricha
40.5333,9.1,Kora W Hararghe
40.75,9.25,Mieso
40.8333,9.2833,Mulu
40.8667,9.2333,Roma Boru
40.8,9.2167,Sodoma
37.5167,8.9667,Babich
37.3167,9,Ejaji
37.4333,9.0333,Gedo
37.3167,9,Ijaji
37.4833,8.9,Getema 2
34.95,8.9667,Kebe
42.7008,8.8738,Galalshe
37.8833,8.9667,Ambo
37.9,9.0167,Dembi Shoa
37.8,8.9667,Guder
37.85,8.9833,Hagere Hiwot
37.95,8.9833,Meti 1
37.95,9.05,Siketu
37.8833,9.0667,Tule
41.0833,9.15,Adis Amba
41.1667,9.1833,Duhkuka
41.1,9.2167,Hirna
41.0833,9.1,Wedeytu
38,8.9833,Asgori
38.0667,8.8667,Boda
38.1167,9.0333,Ginchi
38.0833,9.1,Gobeya
38.2333,8.9333,Keta W Shewa
38.25,9.0167,Welenkomi
38.2,9.05,Yubdo W Shewa
38.3833,9.0333,Adis Alem
37.05,9.1167,Bako
37.1667,9.0833,Sheboka
37.2167,9.0333,Tibe W Shewa
40.95,9.0667,Funyan Timo
40.8833,9.0167,Kuni
41.0833,8.9833,Amonumet
41.1667,9.0833,Mesala
35.85,9.0167,Guye
35.35,8.9333,Kile
35.4333,8.9667,Yubdo W Wellega
40.7667,8.9,Bedesa
41.1167,8.6667,Bososo
40.85,8.8167,Burk Gudo
40.9,8.7167,Gebiba
41.1,8.6333,Hmero
41.0833,8.6,Nure Musa
40.85,8.8667,Sire W Hararghe
41.2,8.5667,Teko Uno
37.6333,8.7667,Inchini W Shewa 2
37.2667,8.65,Alem Gena W Shewa
37.3833,8.8833,Hamus Gebeya W Shewa 1
37.2333,8.7833,Seyo W.Shewa
40.5667,8.6167,Dereku
40.5,8.8167,Gelemso
40.6,8.7833,Lebu
37.5,8.5667,Chando
37.4,8.55,Silk Amba
34.8667,8.5833,Rob Gebeya 2
41.15,8.2833,Aro Dimtu
41.05,8.2667,Berche
40.6833,8.7333,Boke
41.2333,8.2167,Chira W Hararghe
40.6667,8.8,Delajebo
41.4,8.2667,Fulensa
40.7,8.5667,Ijegale
40.6833,8.6167,Kelado
40.9167,8.65,Kotisa
40.8833,8.55,Kurfa Roka
41.2,8.3333,Megala
41.4167,8.2167,Ramis
40.85,8.4,Rukeyisa
41.8169,7.3881,Selahad
35.2167,9.35,Debeka
35.3167,9.45,Jarso
34.6667,9.0333,Tibe W Wellega
34.7833,8.7667,Tejo
35.05,8.8333,Chanka
35.0333,8.9167,Kake
35.2167,8.9,Alem Teferi
35.7833,8.85,Yirga Dejen
38.0333,9.5833,Arb Gebeya W Shewa
37.9,9.8667,Dogoma
37.9,9.4833,Kure
38.0333,9.1333,Bube 3
37.8167,9.2,Jeme
37.6167,9.0333,Becheki
37.6,9.2833,Abebe
37.5667,9.1833,Niso
37.4667,8.7333,Shenen
40.55,8.95,Komona
40.6833,8.8833,Kera Kurkura
40.9,9.05,Arba Reketi
40.7,9.05,Beka
40.6833,9.0167,Merewa
40.8167,9.1333,Yabdo
42.7647,9.6887,Jaara 1
42.6,9.44,Jinacsaney
42.65,9.6833,Lewenaji
42.6816,9.6945,Lo-Wanaaje
42.7524,9.6156,Tuliguleed
42.8167,9.6,Tulu Guled
34.6167,8.5833,Mugi
34.8,8.5333,Dembidolo
35.1167,9.9333,Buke
35.0833,9.8167,Mendi
35.4833,9.5,Nejo
35.6333,9.3,Bila W Wellega
35.6833,9.3667,Hena
35.6833,9.1667,Inango
35.8333,9.1833,Gimbi
38.4833,9.0833,Genet (Holeta)
38.4167,8.9333,Hamus Gebeya W Shewa  2
38.5667,9.05,Menagesha
40.7,8.0833,Agemti
40.7333,7.9833,Bilika
40.55,8.1,Dida Adi
40.9,8.1833,Eurdo
40.75,8.2167,Haro Kile
40.65,8.3,Ido Gelemam
40.9667,8.1,Korjo
41.05,8.0667,Kutara
40.55,8.1833,Lilimis
40.5333,8.55,Halo
40.55,8.4,Hujufa
40.3333,8.6,Mechara
40.5,8.3667,Roepeyh
42.2333,5.4,Dane Elei
42.3167,5.4667,El Weket
42.2168,5.5786,Hara-Burka
42.05,5.3,Hargele
42.2223,5.4811,Jimbac
42.1105,5.4287,Malka-Dhuur
42.3167,5.5833,Surme
36.3167,7.2667,Barta 11
36.5667,7.2833,Adiya
36.4167,7.3,Chara 11
36.45,7.35,Sherada
36.1833,7.1333,Chiri
36.2,6.9833,Duba Yaneba
36.2,6.95,Shama
35.7,6.4333,Machi te
35.8667,6.3833,Shasha
36.6833,7.1167,Ameya
36.7833,7.1667,Chida
36.75,7.1,Genji
37.1333,6.8,Disa
37.2667,6.9333,Dodi 11
37.0833,6.7833,Kera
37.2167,6.9167,Loma Bale
37,6.7833,Meltit
37.1167,6.75,Selo
37.4,6.9167,Zima
37.6167,6.4167,Chilashe
37.6833,6.55,Mesala Southern
38.55,8.3333,Bu-i
38.6833,8.25,Ejersa Lele
38.4833,8.2333,Kela 11
38.6,8.2667,Midre Kebda
38.6,8.4,Suten
38.0333,8.2833,Keya
38.2667,8.2833,Sefoto
38.4667,8.05,Inseno
38.3667,8.1167,Butajira
38.3167,8.0333,Kibet
37.8,8.2,Attat
37.8,8.1833,Gubre
37.9167,8.1167,Imdibir
38.0333,8.05,Jambero
37.95,8.0333,Yaberet Shah
36.55,5.8833,Goh
36.55,5.7833,Jinka
36.4667,5.9667,Wub Hammer
36.6333,6.0667,Babat
37.7,8.0333,Agere Gebeya
37.8333,8.0333,Gunchire
37.7167,7.9333,Weyra
38.1833,7.9833,Kechemo 11
38.2333,7.9167,Alkeso
38.2833,7.9667,Silti
37.5167,7.9333,Deri 2
37.5333,7.85,Fofa
37.4333,7.9667,Saja
37.7,7.7,Hamecho
38.3167,7.6333,Edeneba
38.35,7.6833,Mito
38.4,7.85,Tora
38.4,7.8167,Wanje
38.1167,7.75,Wilbarey
37.5167,7.5,Dinkore
37.7,7.4667,Jajura
37.6167,7.45,Gimbichu 11
37.5,7.3667,Jacho
37.51,7.33,Shinshicho
36.3667,7.4167,Amiyo
36.05,7.3167,Dara 11
36.2833,7.3833,Diri
36.1,7.4,Tega
36.2167,7.3833,Ufa
36.1333,7.3,Wishwish
36.0667,7.3833,Zengaja
38.0833,7.3,Alaba Kulito
38.2667,7.4,Aweli
38.1,7.4,Bedene
38.2,7.4667,Besheno
38.2333,7.3,Hakuli
37.85,7.35,Angacha 11
35.8167,7.1333,Abera
35.8667,7.2833,Shishinda
37.7,7.0667,Areka
37.1167,6.9833,Meyla
37.15,7.1333,Tacho Sodo
37.1,6.95,Taza
37.1667,7.0667,Waka
38.55,6.9667,Tula
38.6,7.0333,Wendo Genet
37.85,6.95,Boditi
37.8167,6.9167,Dalbo
37.8833,6.9333,Koye 2
36.8167,6.75,Churchera
36.9667,6.8833,Wishaye Bale
37.8,6.8167,Gulgula
38.7,6.6833,Arbe Gona
37.55,6.7167,Gesuba
37.6167,6.75,Kinde Halale
38.35,6.5167,Agere Selam
38.3167,6.5833,Chiko
36.7167,6.4167,Ala
36.6333,6.4,Belta 2
36.7833,6.6,Feleha
36.75,6.6333,Hudo
36.95,6.65,Hurko
36.6,6.4833,Laha
36.9167,6.65,Sudo
36.7833,6.55,Womba
36.85,6.65,Zita
37.2833,6.6,Agume
37.35,6.5167,Kewchano
37.4167,6.5833,Lade
37.35,6.6333,Medalcho
37.2667,6.4167,Morka
37.4,6.4167,Selam Ber
37.2,6.5333,Toger
37.4333,6.5667,Welimera
37.4667,6.6333,Weyo
37.4167,6.6,Yele
37.3333,6.4,Zongala
37.05,6.4333,Demza
37.0833,6.4667,Dogo
37.15,6.6167,Gofa
37.1667,6.65,Kulo
36.9167,6.3167,Kuseti
36.9667,6.4,Lotse
36.8667,6.3,Sawla
36.9333,6.5,Tsenga
36.8333,6.2667,Yela
36.95,6.3333,Zanga
39.0167,6.2167,Bululte
38.95,6.3667,Mejo
38.3,6.4167,Dila
38.3333,6.4667,Kabado
38.3833,6.5,Teferi Kela
36.3333,6.2667,Dime
36.25,6.2667,Ducha
36.3333,6.25,Gomize
36.2,5.7667,Kur
36.4167,6.25,Laska
37.5833,6.25,Chencha
37.5833,6.1833,Dorze
37.6,6.3667,Ezo
37.5,6.1667,Gulta Yarte
37.3667,6.2167,Ako
37.3833,6.2667,Gebeko
37.5167,6.35,Kodo
37.45,6.2833,Wulokode
37.4833,6.3333,Zada
36.55,6.35,Angila
36.6,6.3333,Balma
36.6,6.3,Fire Hiywot
37.2833,6.3,Degeza
38.4,6.3,Bule
38.4167,6.2667,Ilalcha
38.2,6.1333,Fiseha Genet
38.1333,6.1333,Haro Borena
38.15,6.1,Ononcho
38.2167,6.2,Yirga Chefe
37.5833,6.0333,Arba Minch
37.4667,6.05,Genta
37.35,5.8,Jubaysho
37.4333,5.8833,Mele
37.5167,6.1333,Shara
37.5167,6.0833,Zigiti
35.7667,6.9667,Showa Gimira
35.8,7.05,Wacha
37.9,5.8333,Derba 11
37.8833,5.3667,Burji  11 2
37.7833,5.5833,Burji 11 1
37.8167,5.4333,Gembo
37.8667,5.45,Lemu
37.6,5.6167,Segen
37.8833,5.6,Sekama
37.3833,5.5333,Gotonale
37.3667,5.2833,Bekawle
37.3167,5.45,Guro
37.2833,5.2333,Konso
36.95,6.2333,Barge
36.9833,6.2667,Gelta
37.0667,6.3333,Kuncho
37.0833,6.4,Malanaha
37.0167,6.15,Bola
37.15,6.3333,Indegera
37.1167,6.2833,Shile
37.0667,6.25,Zala Deboch
36.9833,6.1333,Zeala
38.2,8.1,Gumer
37.5667,6.8333,Bakulo
37.5667,6.8,Segno
37.3167,6.7333,Buro
38.4833,7.05,Hawassa
38.4667,6.9333,Abela Lida
38.45,6.8833,Leku
38.4,6.9,Morocho
38.3667,6.75,Ras Desta Ber
37.7333,6.7333,Humbo
38.45,6.5667,Seda
38.3833,6.55,Senteriya
38.4,6.5833,Wendo
38.7,6.5333,Kebalenka
38.6167,6.6,Daye
38.85,6.5167,Bonsa
38.5167,8,Koshe
37.7167,7.8667,Kose
37.8,7.8,Geja
37.7833,7.6833,Konteb
37.7667,7.6833,Morsito
38.0667,7.6,Dosha
37.6667,6.1333,Lante
37.7667,6.3,Birbir
37.7333,6.45,Wajifo
36.7667,5.95,Bere Beka
36.8,6.0833,Gondere
36.7833,6.1167,Somba
36.9167,6.1667,Tumbule
36.65,5.6667,Kako
36.7167,5.5167,Key Afer
38.2333,6.0833,Abel
38.15,6.0167,Chelelektu
38.2667,6.3167,Wenago
38.3,6.3667,Chichu
38.25,6.95,Bela
38.1333,6.9,Dimto
38.3667,6.9333,Yirba
38.0667,6.9167,Ofa
37.95,6.85,Bedesa Sidamo
37.9667,7.1833,Mazorya
37.9333,7.1333,Shone
37.7667,8.2667,Welkite
35.15,6.2833,Giaba
35.2667,6.8167,Bebeka
35.2333,6.9833,Tepi 2
35.5833,6.9833,Mizan
35.4333,6.8833,Mizan Teferi
36.6667,6.1833,Donke
36.9167,5.9,Bobo
36.9667,5.9167,Bopa
36.9667,5.8667,Gogo
36.8167,5.7,Sholtaka
36.8833,6.15,Debre Tsehay Gofa
36.8667,6.1833,Dima 11
36.85,6.2,Korpa
36.8667,6.3667,Amaro
36.8167,6.3667,Bulki
36.8,6.35,Burda
36.8667,6.45,Dehada
36.7,6.2667,Ela
36.9,7.2,Aba
37.0333,7.0833,Tocha
37.2833,7.2667,Gena
36.45,7.1333,Felege Selam
35.7667,7.7333,Bihita
35.6833,7.4,Bechi
36.15,7.5,Gind Aba
37.6667,7.1833,Hadero
37.6333,7.2167,Tunto
37.5667,7.5833,Nefera
37.7333,7.6,Bukuro
37.75,7.4833,Benara
37.8667,7.5333,Hosaina
37.9333,7.5,Lisana
37.9667,7.65,Fonko
38.1333,7.45,Eregdina
38.1167,7.5,Wanchikota
37.7833,7.3333,Doyo Gena
37.9833,7.2,Adilo
37.85,7.2,Durame
38.2667,7.7,Bilanja
38.2333,7.8,Dalocha
37.3,5.5667,Baro
37.2333,5.4333,Gewada
37.3333,5.55,Baido
37.3667,5.6667,Gidole
37.4,5.6,Golele
37.3167,5.75,Makiyo
37.3333,5.7,Ongeyde
37.1667,6.1667,Anika
37.2,6.2167,Burduda
37.1667,6.0667,Kemba
37.1,6.15,Otolo
37.1833,6.25,Selekelo
37.3167,6.05,Bonke Beza
37.3,5.9167,Gerese
37.1167,5.7333,Weshele
35.45,9.1667,Muklemi
41.4722,10.6378,Gebilu
41.5083,9.561,Halso
41.6333,9.6,Hurso
41.5647,9.5879,Magaload 3
41.57,9.935,Meeto
46.1142,6.5636,Booso
46.6833,6.9167,Debob
46.1433,6.5106,Ealay
46.4,6.95,Geladin
46.2482,6.4849,Godane
46.4,6.6,Koraf
46.4883,6.5617,Qorof
44.7799,7.6063,Nesderk
45.498,7.3389,Gole
46.0141,7.2437,Enjiro
45.9194,7.3828,Kelu'an
46.0865,6.8021,Yamurugley
44.9261,7.1916,Afar-Irdod
45.3142,6.9586,Af-yarado
44.9804,7.5449,Banbasle
45.1664,6.5552,Birk
45.7861,6.2402,Booran-Cad
45.9557,6.3622,Burgoosoole
45.1912,7.2655,Caado
45.7643,6.7631,Ceel-Dheere 1
45.7862,6.5604,Cilaanle
45.4391,7.3015,Daratoole
46.017,7.1042,Dhagah-jab
46.0294,7.0234,Dhaqayaboor
44.7178,7.3362,Dhukubale
45.376,6.6571,Dhuwaa-Hararaf
45.8491,6.9994,Diilincaano
45.3755,6.6558,Durwa-hararf
46.0662,6.6799,Duuban
45.5742,6.4131,Eledibir
45.5092,7.2951,Farhareri
46.0045,7.3716,Feedhoad
45.0333,6.8667,Gerlegubey
44.883,7.2663,Garoon
44.7429,7.4614,Garwan
45.8349,6.5084,Golweyn
45.2526,6.6638,Hogdugag
46.0651,6.9161,Isgoyska
45.2979,7.2668,Jinoole
45.7384,7.4574,Kooretunje
45.5675,7.288,Kurtunele
44.8119,7.3764,L/Jaleelo
45.3844,6.2561,Laasa-Caanood
45.1709,6.5579,Lahelow
44.9808,7.2664,Lix-Irdod
45.7661,6.8842,Mirmacaane
45.4991,6.5595,Neef-Kucelioye
45.0042,7.0198,Qabrisheekh
45.9186,7.3824,Qaloocan
45.006,7.5057,Qoriile
45.8522,6.4195,Raqo
44.8904,7.594,Sabansabdho
46,7.25,Tulu Kloan
45.906,6.2418,Tuulo
45.6799,6.2599,Tuulo-Sarmaan
45.219,6.9022,Uubatale
45.7833,7.1117,U-uule
45.3045,7.1145,Wacdi
45.0888,6.8164,Wafdug
45.3333,6.9667,Warder
45.4167,7.1,Wilwal
45.0157,6.7987,Yucub
44.7594,6.1453,Higluley
44.712,6.011,Aftol
44.9617,6.3377,Baliwariiri
45.2,5.8333,Biyo Ado
45.1395,6.275,Calen
44.7666,6.1829,Dawacaale
44.7865,6.0043,Dhambacaad
45.2988,6.1759,Fadhigaraadle
44.8058,6.0449,Ferdaqaras
45.0159,6.431,Jaleelo
44.7533,6.2319,Lasole
44.8821,6.3243,Lixirdood
44.6667,6.45,Merrerale
44.9345,5.916,Mir-keynan
44.9032,6.5415,Qamuudo
44.7094,6.4072,Qarsomi
45.5667,5.9667,Ribadleh
44.7325,6.2836,Salalmaale
44.7217,6.46,Sareysagalo
44.75,6.0833,Shilabo
45.0644,6.6562,Tulo-Carabey
44.9455,6.3891,Xodale
44.8333,5.1,Sulsul
44.9144,5.0705,Burukur
45.0113,5.0416,Ashraaf
44.5818,5.4096,Baar-Dheere
44.6283,5.3082,Budul
44.5516,5.3891,Buulo-Colow
44.5949,5.3894,Caanoole
44.5689,5.7537,Higlooley
44.6188,5.3586,Kolow-igee
44.9499,5.5693,Lababar
44.9167,5.5667,Lemma Ber
44.7333,5.2333,Mustahil
43.4707,4.8761,Akabla
43.9357,5.2796,Baadil
42.6125,4.6364,Baarey
42.75,5.05,Badle
42.7,4.6167,Bare
42.5667,4.7167,Barghele
43.5667,5.35,Beredele
43.3928,5.1475,Bioade
43.4546,5.0556,Boodhle
44.0167,4.9667,Bug Bered
42.95,4.65,Bur Huse
43.035,4.6783,Burhosh
43.4467,5.0867,Ceel-Baciid
43.31,5.5083,Cudhi
43.1738,5.4819,Dharaaye
43.05,5.0833,El Dere
44.2833,5.0333,El Goran
44.2989,4.99,El-Koran
43.9807,5.0619,God-Dere
44.0833,5.2,Godere
44.85,5.0333,Godere (minor)
43.1305,4.8679,GodGod
43.6177,5.0679,Habeen
43.0853,5.4387,Har-Der
44.611,5.2967,Jaggi
42.7833,4.85,Mellaile
43.3,5.2167,Momingot
43.1759,5.1204,Qooxle
43.7662,5.7891,Quracley
43.2,4.7,Wasen
44.0924,5.4198,Washaqo
42.7954,5.0136,Weydkaal
43,4.5667,Yet
43.3395,5.5774,Milk Salah
43.493,5.2989,Todob
43.33,5.55,Higol
43.43,5.43,Gabol
43.59,5.68,Jererey
44.9975,5.4354,Barmagog
45.0333,5.4667,Burmigag
45.2333,5.5833,El Abred
45.3117,5.5017,El-Habred
45.0888,5.1666,Fadhiyare
45.0297,5.3009,Farjano
42.3135,4.5375,Alan
41.8167,4.4333,Amino
42.0659,4.279,Boolo-Baay
42.0167,4.5167,Bukale
41.9345,4.3009,Buur-Aamino
41.8707,4.5882,Darso
42.4554,4.5992,Dhanacadiin
42.1,4.2333,Dolo Bay
42.5471,4.5541,Egarow
41.9722,4.8175,Elagujo
41.8167,4.6167,Golgol
42.0754,4.6975,Hila-Quraan
42.0251,4.4704,Kabxan
41.9434,4.7294,Kamor
41.8155,4.4322,Koola
42.033,4.6182,Madar
42.6335,4.4713,Sirsire
42.0667,4.3333,Woldya
40.1,4.6667,Al Medari
40.475,4.155,Awal-guba
40.6936,4.3588,Ayadega
39.4562,3.475,Baruuri
40.2,4.7833,Biler
39.5087,3.5672,Booji
40.4317,4.635,Bude
40.4,4.5167,Bulbogi
39.8083,3.9066,Ceel-Dheere 2
40.0333,4.1833,Chilago
39.6333,4.2833,Dambel Daro
39.9,4.6333,Dardabat
40.2167,4.0667,Debure
39.7167,4.2333,Dodo
39.7262,4.2775,Dokha-Dima
39.3317,3.6283,Dukiso
40.135,4.635,El-Madera
39.9333,4.5667,Elnayabo
39.6555,3.8068,ElQur
39.7833,3.8667,Erer Sidamo
39.9887,4.1854,Galgalo
39.8565,3.9234,Gambis
39.8151,3.9404,Geedi
40.5833,4.4167,Gobet
39.635,3.6416,Harshilin
40.1,4.3667,Huwur
39.9986,3.9495,Jaara 2
39.461,3.6041,Katama
39.55,3.5,Kededuma
39.7645,3.7182,Majiiri
40.7565,4.2794,Malka-Meri
39.9015,4.4983,Metata
39.8667,4.5167,Metit
39.7225,4.0321,Soroora
40.3833,4.2167,Walginda
41.4125,4.2688,Archei
41.1249,4.3384,Beer Raran
41.5,4.6167,Bekolmayo
41.6213,4.2284,Biyooley
40.7609,4.5051,Boodbood
41.5378,4.5143,Boqol-Maayo
41.5376,4.2712,Dantoi
41.3167,4.0167,Didagembo
42.0563,4.1751,Dola-Caddo
42.05,4.1833,Dolo Odo
41.6833,4.05,Fiyako
41.4966,4.3588,Gunto
41.5154,4.2914,Jarse
41.6033,4.3916,Kuron
41.7667,4,Melka Suftu
41.1675,4.6792,Qurac-Guban
41.3368,3.9644,Sedey
41.3098,4.6071,Trianglo
41.4167,4.2833,Warsa
41.8566,3.9713,Suufka
34.8833,6.7167,Erbu
34.8333,6.6333,Gedu
35.0167,6.5333,Kantiere
39.2249,3.6052,Arda-Oola
34.6,9,Gidadmi
34.6167,8.9833,Gidami
35.3167,6.2,Biro
35.4,5.6333,Chido
35.2833,5.8833,Tirma Tid
35.5667,5.9667,Kurit
35.6167,6.25,Maji
35.6167,5.8,Washameda
36.1833,5.3667,Mijigi
36.1167,5.3333,Bongosi
35.9333,5.1667,Bume
36.75,5.2,Hamer Koke
36.4333,4.8,Dande
36.4667,4.95,Dimeka
36.8333,4.95,Elbere
36.2,5.15,Kere 2
36.75,4.8,Todota Wendo
36.5,5.1167,Turmi
36.1667,5.0833,Mursi Bodi
36.2,4.8,Omorate
35.9667,4.8167,Kelem 2
35.9667,4.5333,Todenyang
37.1333,13.9167,Adi Hirdi
36.8167,13.85,Aiaie
36.9167,13.9167,Baker
37.3333,14.2333,Birkutan
36.6,14.2667,Humera
36.9333,13.8167,Kato
37.2667,13.9167,Kulita
36.5333,13.8667,Nigwar
37.3815,11.5842,Bahir Dar
41.0098,11.8051,Semera
40.1403,9.9695,Kumame
39.9499,9.1404,Sabure
40.2237,9.2754,Adeb Tole
40.1647,9.1263,Awash Arba
40.1715,9.3917,Awash Sheleko
40.3289,9.3953,Andido
40.308,10.6203,Dalifagi
40.1799,10.8128,Wedarage
40.214,10.9187,Namelafen
40.0157,11.6052,Chefera
39.9188,11.8146,Alele Sulula
40.0779,12.0589,Derayitu
39.9849,12.1389,Keliwan
39.8776,12.3609,Gubiyra
40.3143,12.4761,Alelo
40.0015,13.2522,Lakora
40.853,13.2099,Afdera
39.9147,14.2005,Adkuwa
39.8614,13.9682,Konaba
42.1286,12.3184,Saala
39.75,13.35,Ab Ala
40.009,12.8431,Lile
40.1819,8.9855,Awash Sebat Kilo
36.763,14.1929,Adebaye
36.5706,14.0648,May Cadera
33.444,8.3508,Mattar
33.6829,8.2984,Nyilinyang
33.9543,8.3219,Kowerneng
38.5795,3.7382,Hidlola
39.5739,6.3999,Angetu
40.9891,7.8758,Belitu
34.769,10.5974,Sherkole
36.4887,11.5622,Fendka
36.5183,11.2012,Dek
36.476,13.4612,Abrha jara
37.018,13.3573,Saroka
37.0481,12.9187,Masero Denb
37.2973,12.9975,Sanja
35.1967,9.4675,Debeqa
35.2553,9.6863,Qiltu Kara
35.3404,9.3825,Geba Dafeno
35.7705,9.6408,Meti 2
35.8592,9.5154,Kamashi
36.1891,9.3579,Belo Jiganifodo
36.2474,9.0389,Arjo Gudetu
36.1561,8.9089,Ilu Harer
35.6994,9.0711,Homa
35.6154,9.0352,Genji
36.0853,9.8757,Yaso
34.7619,10.3514,Menge
35.2768,10.07,Koncho
35.0909,10.2132,Bilidigilu
34.4378,9.3689,Tongo
36.2984,6.9759,Shama
38.8077,5.5266,Hiyadima
39.0134,5.4494,Kenticha
39.0941,6.1126,Haren Fema
38.2624,6.6849,Hantate
35.2926,7.8901,Berbersa